video_id,course_url,course_rating,url,time,gender,hair,hair_length,glasses,tie,clothes,black_board_type,pic_in_pic_type,sitting_type,remote_control,crossed_hands,back_hands,hands_down,hands_activity,shaved,watch,unbutonned_shirt,pomade,jewelry,hands_in_pocket,distance,num_of_points,normalized_distance,Fearful,Surprised,Happy,Neutral,Disgusted,Sad,blinks
1,https://www.coursera.org/learn/vospitat-detei-pravilno,4.8,https://www.coursera.org/lecture/vospitat-detei-pravilno/triada-yBSBH,529,woman,blonde,short,0,0,informal,0,0,0,1,1,0,0,medium,none,0,0,1,1,0,73.5,180.0,0.4083333333333333,12.37,4.31,1.74,67.92,0.0,8.4,51
2,https://www.coursera.org/learn/vospitat-detei-pravilno,4.8,https://www.coursera.org/lecture/vospitat-detei-pravilno/osobiennosti-matierinskogho-poviedieniia-NHbYo,533,woman,blonde,short,0,0,informal,0,0,0,1,1,0,0,medium,none,0,0,1,0,0,92.5,152.0,0.6085526315789473,3.56,5.72,0.33,69.39,0.0,21.0,33
3,https://www.coursera.org/learn/vospitat-detei-pravilno,4.8,https://www.coursera.org/lecture/vospitat-detei-pravilno/emotsional-noie-polie-siem-i-fYHVo,527,woman,blonde,short,0,0,informal,0,0,0,1,1,0,0,medium,none,0,0,1,0,1,90.5,239.0,0.3786610878661088,11.89,5.06,0.56,70.06,0.0,7.44,23
4,https://www.coursera.org/learn/neuroeconomics,4.7,https://www.coursera.org/lecture/neuroeconomics/neuroeconomics-as-a-multidisciplinary-field-LRRlW,986,man,brown,long,0,0,formal,0,0,0,1,1,0,0,medium,shaved,0,0,0,0,1,191.5,294.0,0.6513605442176871,36.72,8.83,0.0,17.67,0.0,29.44,3
5,https://www.coursera.org/learn/neuroeconomics,4.7,https://www.coursera.org/lecture/neuroeconomics/a-brief-intro-to-neuroanatomy-and-neurophysiology-TUtHh,615,man,brown,long,0,0,formal,0,0,0,1,1,0,1,low,shaved,0,0,0,0,0,179.0,266.0,0.6729323308270677,53.4,6.35,0.0,18.56,0.0,4.52,13
6,https://www.coursera.org/learn/neuroeconomics,4.7,https://www.coursera.org/lecture/neuroeconomics/perceptual-decisions-hyLXw,491,man,brown,long,0,0,formal,0,0,0,1,0,0,0,medium,shaved,0,0,0,0,0,158.5,195.0,0.8128205128205128,52.72,5.5,0.0,10.28,0.61,6.33,10
7,https://www.coursera.org/learn/game-theory,4.8,https://www.coursera.org/lecture/game-theory/kak-rieshat-ighry-UdQ1B,248,man,red,short,0,1,informal,0,0,0,1,0,0,0,high,shaved,0,0,0,0,0,97.0,175.0,0.5542857142857143,29.68,53.94,0.0,0.66,0.0,0.16,15
8,https://www.coursera.org/learn/game-theory,4.8,https://www.coursera.org/lecture/game-theory/opriedielieniie-ravnoviesiia-nesha-eCvHT,486,man,red,short,0,1,formal,0,0,0,1,0,0,0,high,shaved,0,0,0,0,0,110.0,142.0,0.7746478873239436,11.71,75.58,0.11,0.0,0.22,0.83,16
9,https://www.coursera.org/learn/game-theory,4.8,https://www.coursera.org/lecture/game-theory/stratieghii-v-ighrakh-v-razviernutoi-formie-SrvMG,589,man,red,short,0,1,informal,0,0,0,1,0,0,0,high,shaved,0,1,0,0,0,84.0,115.0,0.7304347826086957,37.35,14.71,0.11,0.06,5.05,8.55,15
10,https://www.coursera.org/learn/rus-business-law,None,https://www.coursera.org/lecture/rus-business-law/2-1-poniatiie-pravovogho-riezhima-2jrBo,400,woman,red,long,1,0,formal,0,0,0,1,1,0,0,medium,none,0,0,0,1,0,72.0,127.0,0.5669291338582677,0.0,0.0,0.0,0.0,0.0,0.0,28
11,https://www.coursera.org/learn/rus-business-law,None,https://www.coursera.org/lecture/rus-business-law/3-1-kritierii-klassifikatsii-i-vidy-triebovanii-k-bizniesu-TUVa4,607,woman,red,long,0,0,formal,0,0,0,1,1,0,0,medium,none,0,0,0,1,0,48.5,48.0,1.0104166666666667,15.13,1.06,1.64,52.7,0.39,22.83,31
12,https://www.coursera.org/learn/rus-business-law,None,https://www.coursera.org/lecture/rus-business-law/4-1-vidy-riezul-tatov-priedprinimatiel-skoi-dieiatiel-nosti-y6cWs,571,woman,red,long,1,0,formal,0,0,0,1,1,0,0,medium,none,1,0,0,1,0,59.5,117.0,0.5085470085470085,1.63,0.72,1.21,7.42,0.12,3.86,33
13,https://www.coursera.org/learn/language-processing,4.6,https://www.coursera.org/lecture/language-processing/count-n-gram-language-models-IdJFl,632,woman,brown,long,0,0,formal,0,0,0,1,0,0,0,high,none,0,0,1,0,0,65.0,166.0,0.39156626506024095,2.22,0.61,11.65,82.57,0.0,2.28,24
14,https://www.coursera.org/learn/language-processing,4.6,https://www.coursera.org/lecture/language-processing/distributional-semantics-bee-and-honey-vs-bee-an-bumblebee-PtRav,517,woman,brown,long,0,0,formal,0,0,0,1,1,0,0,high,none,0,0,1,0,0,93.0,191.0,0.4869109947643979,11.83,8.06,9.72,69.44,0.0,0.5,28
15,https://www.coursera.org/learn/language-processing,4.6,https://www.coursera.org/lecture/language-processing/introduction-to-machine-translation-nv7Cr,930,woman,brown,long,0,0,informal,0,0,0,1,1,0,0,high,none,0,0,1,1,0,69.5,195.0,0.3564102564102564,2.28,0.89,22.65,73.12,0.0,0.78,26
16,https://www.coursera.org/learn/makrojekonomika,4.9,https://www.coursera.org/lecture/makrojekonomika/1-1-chto-izuchaiet-makroekonomika-kratkosrochnaia-i-dolghosrochnaia-vriemiennyie-uhVq2,633,man,black,short,1,0,formal,0,0,0,1,0,0,0,high,shaved,0,1,0,0,0,64.0,133.0,0.4812030075187971,11.96,1.89,2.45,36.82,0.0,34.09,9
17,https://www.coursera.org/learn/makrojekonomika,4.9,https://www.coursera.org/lecture/makrojekonomika/2-1-valovoi-vnutriennii-produkt-1-nI77C,932,man,black,short,1,0,formal,0,0,0,1,0,0,0,high,shaved,0,1,0,0,0,63.0,201.0,0.31343283582089554,0.0,0.0,0.0,0.0,0.0,0.0,22
18,https://www.coursera.org/learn/makrojekonomika,4.9,https://www.coursera.org/lecture/makrojekonomika/3-1-modielirovaniie-vvp-priediel-nyi-produkt-faktorov-proizvodstva-NAhX4,792,man,black,short,1,0,formal,0,0,0,1,1,0,0,high,shaved,0,1,0,0,0,66.0,132.0,0.5,10.06,2.5,1.89,21.94,0.06,57.5,12
19,https://www.coursera.org/learn/multilingual-multicultural-education,4.4,https://www.coursera.org/lecture/multilingual-multicultural-education/diversity-in-education-a1dDb,375,man,black,short,0,0,formal,0,0,0,1,1,0,0,low,shaved,0,0,0,0,0,81.0,129.0,0.627906976744186,0.0,0.0,0.0,0.0,0.0,0.0,7
20,https://www.coursera.org/learn/multilingual-multicultural-education,4.4,https://www.coursera.org/lecture/multilingual-multicultural-education/multilingual-education-for-young-children-YnrmQ,335,man,black,short,0,1,formal,0,0,0,1,1,0,0,medium,shaved,0,0,0,0,0,63.5,122.0,0.5204918032786885,59.07,22.4,1.46,8.01,0.06,2.86,8
21,https://www.coursera.org/learn/multilingual-multicultural-education,4.4,https://www.coursera.org/lecture/multilingual-multicultural-education/policy-and-planning-in-multilingual-education-eHS9T,321,man,black,short,0,1,formal,0,0,0,1,1,0,0,medium,shaved,0,0,0,0,0,54.5,76.0,0.7171052631578947,63.45,11.8,0.63,13.45,1.48,1.03,5
22,https://www.coursera.org/learn/competitive-data-science,4.7,https://www.coursera.org/lecture/competitive-data-science/overview-1Nh5Q,400,man,black,short,0,0,informal,0,0,0,1,0,0,0,high,shaved,0,0,0,0,0,61.5,57.0,1.0789473684210529,0.0,0.0,0.0,0.0,0.0,0.0,4
23,https://www.coursera.org/learn/competitive-data-science,4.7,https://www.coursera.org/lecture/competitive-data-science/exploratory-data-analysis-zvOJc,421,man,black,short,0,0,informal,0,0,0,1,0,0,0,medium,shaved,0,0,0,0,0,119.0,237.0,0.5021097046413502,41.17,42.17,0.17,15.44,0.0,1.0,0
24,://www.coursera.org/learn/competitive-data-science,4.7,https://www.coursera.org/lecture/competitive-data-science/motivation-K3Siv,512,man,black,short,0,0,informal,0,0,0,1,0,0,0,medium,shaved,0,0,0,0,0,120.0,225.0,0.5333333333333333,27.36,61.88,0.11,8.88,0.0,0.72,2
26,https://www.coursera.org/learn/python-osnovy-programmirovaniya,4.6,https://www.coursera.org/lecture/python-osnovy-programmirovaniya/kak-ustroieny-vieshchiestviennyie-chisla-XJWue,983,man,black,short,0,0,informal,1,0,0,0,1,0,0,low,shaved,0,0,0,0,0,319.0,223.0,1.4304932735426008,15.1,75.11,0.07,9.35,0.0,0.29,14
27,https://www.coursera.org/learn/python-osnovy-programmirovaniya,4.6,https://www.coursera.org/lecture/python-osnovy-programmirovaniya/funktsii-OECXJ,449,man,black,short,0,0,informal,0,0,0,1,1,0,0,medium,shaved,0,0,0,0,0,67.5,112.0,0.6026785714285714,8.17,67.44,1.22,13.5,0.0,0.0,16
28,https://www.coursera.org/learn/intro-to-numerical-analysis,4.8,https://www.coursera.org/lecture/intro-to-numerical-analysis/solving-non-linear-equations-Ya0Ll,412,man,black,short,1,0,formal,0,0,1,0,0,0,0,low,shaved,0,1,0,0,0,50.0,71.0,0.7042253521126759,1.95,0.2,0.51,97.13,0.0,0.1,12
29,https://www.coursera.org/learn/intro-to-numerical-analysis,4.8,https://www.coursera.org/lecture/intro-to-numerical-analysis/large-scale-systems-of-linear-equations-MpTr2,306,man,black,short,1,0,formal,0,0,1,0,0,0,0,low,shaved,0,1,0,0,0,88.5,71.0,1.2464788732394363,12.06,10.46,0.14,74.91,0.07,1.32,35
30,https://www.coursera.org/learn/intro-to-numerical-analysis,4.8,https://www.coursera.org/lecture/intro-to-numerical-analysis/interpolation-and-approximation-modelling-of-data-N11RL,568,man,black,short,1,0,formal,0,0,1,0,0,0,0,low,shaved,0,1,0,0,0,65.5,108.0,0.6064814814814815,0.27,0.41,21.07,78.18,0.0,0.07,38
31,https://www.coursera.org/learn/complex-variable,None,https://www.coursera.org/lecture/complex-variable/tieoriema-koshi-3WrAf,206,man,black,short,0,0,informal,1,0,0,0,1,0,0,low,beard,0,0,0,0,0,185.5,122.0,1.5204918032786885,50.37,39.96,0.74,3.31,0.18,4.33,9
32,https://www.coursera.org/learn/complex-variable,None,https://www.coursera.org/lecture/complex-variable/vziatiie-intieghrala-vychietami-i-B8w6O,447,man,black,short,0,0,informal,1,0,0,0,1,0,0,low,beard,0,0,0,0,0,120.5,88.0,1.369318181818182,36.71,16.23,1.64,27.05,0.0,17.49,5
33,https://www.coursera.org/learn/complex-variable,None,https://www.coursera.org/lecture/complex-variable/mnoghoznachnyie-funktsii-vviedieniie-K8uPO,657,man,grey,short,0,0,informal,1,0,0,0,0,0,0,medium,shaved,0,1,0,0,0,169.5,281.0,0.603202846975089,9.21,26.33,1.3,53.0,3.48,0.14,3
34,https://www.coursera.org/learn/portfelnyye-investitsii,4.6,https://www.coursera.org/lecture/portfelnyye-investitsii/vidieo-1-portfiel-aktivov-vyghody-portfiel-nogho-inviestirovaniia-0Jmz4,478,woman,blonde,long,0,0,formal,0,0,0,1,1,0,0,medium,none,1,0,1,1,0,41.0,32.0,1.28125,14.07,30.58,4.59,13.0,0.0,36.09,11
35,https://www.coursera.org/learn/portfelnyye-investitsii,4.6,https://www.coursera.org/lecture/portfelnyye-investitsii/vidieo-1-vybor-inviestora-po-upravlieniiu-portfieliem-YG4au,794,woman,blonde,long,0,0,formal,0,0,0,1,0,0,0,high,none,1,0,1,1,0,31.0,2.0,15.5,29.04,31.85,2.96,13.04,0.0,23.11,21
36,https://www.coursera.org/learn/portfelnyye-investitsii,4.6,https://www.coursera.org/lecture/portfelnyye-investitsii/vidieo-1-miezhdunarodnaia-diviersifikatsiia-portfielia-tsiennykh-bumagh-4oxrw,597,man,grey,short,1,1,formal,0,0,0,1,0,0,0,high,shaved,0,0,0,0,0,25.5,1.0,25.5,3.53,31.4,0.38,0.38,0.13,0.13,1
37,https://www.coursera.org/learn/ekonomika-dlya-neekonomistov,4.9,https://www.coursera.org/lecture/ekonomika-dlya-neekonomistov/2-1-spros-i-vielichina-sprosa-QzGf2,890,man,black,short,1,0,informal,0,0,0,1,0,1,0,low,shaved,0,0,0,0,0,79.0,48.0,1.6458333333333333,12.86,79.12,2.85,4.25,0.06,0.0,23
38,https://www.coursera.org/learn/ekonomika-dlya-neekonomistov,4.9,https://www.coursera.org/lecture/ekonomika-dlya-neekonomistov/3-1-oghranichieniia-modieli-sprosa-i-priedlozhieniia-A1Unq,596,man,black,short,1,0,informal,0,0,0,1,0,0,0,low,shaved,0,0,0,0,0,76.0,92.0,0.8260869565217391,8.92,47.15,1.33,41.39,0.0,0.39,22
39,https://www.coursera.org/learn/ekonomika-dlya-neekonomistov,4.9,https://www.coursera.org/lecture/ekonomika-dlya-neekonomistov/4-1-drughaia-storona-sprosa-i-priedlozhieniia-firmy-v5Cwb,425,man,black,short,1,0,informal,0,0,0,1,0,0,0,low,shaved,0,0,0,0,0,103.5,73.0,1.4178082191780816,3.39,42.72,10.0,43.72,0.0,0.17,15
40,https://www.coursera.org/learn/teoriya-smi,4.6,https://www.coursera.org/lecture/teoriya-smi/2-1-miedia-i-instituty-hyoZs,751,man,black,short,0,0,formal,0,0,0,1,0,0,1,medium,beard,0,1,0,0,0,75.0,60.0,1.25,0.0,0.0,0.0,0.0,0.0,0.0,10
41,https://www.coursera.org/learn/teoriya-smi,4.6,https://www.coursera.org/lecture/teoriya-smi/3-1-tsienzura-v-sriednieviekovoi-ievropie-Ug74z,359,man,black,short,0,0,formal,0,0,0,1,1,0,0,medium,beard,0,0,0,0,0,65.0,57.0,1.1403508771929824,23.15,51.58,0.28,11.38,0.0,10.83,13
42,https://www.coursera.org/learn/teoriya-smi,4.6,https://www.coursera.org/lecture/teoriya-smi/4-1-zhanry-kommunikatsii-0AasU,647,man,black,short,0,0,formal,0,0,0,1,1,0,1,medium,beard,0,1,0,0,0,52.5,108.0,0.4861111111111111,18.79,23.78,0.55,14.8,0.0,41.13,9
43,https://www.coursera.org/learn/business-strategies,4.8,https://www.coursera.org/lecture/business-strategies/course-introduction-YCdML,306,man,black,short,0,1,formal,0,0,0,1,0,0,1,low,shaved,0,0,0,0,0,108.0,206.0,0.5242718446601942,63.01,5.72,1.03,10.41,0.11,11.15,3
44,https://www.coursera.org/learn/business-strategies,4.8,https://www.coursera.org/lecture/business-strategies/business-models-for-emerging-markets-TNuxH,524,man,black,short,0,1,formal,0,0,0,1,0,0,1,low,shaved,0,0,0,0,0,86.5,201.0,0.4303482587064677,0.0,0.0,0.0,0.0,0.0,0.0,2
45,https://www.coursera.org/learn/business-strategies,4.8,https://www.coursera.org/lecture/business-strategies/tuning-competitive-capacity-aX67c,479,man,black,short,0,1,formal,0,0,0,1,0,0,1,low,shaved,0,0,0,0,0,135.0,180.0,0.75,67.44,2.27,1.44,4.94,2.55,14.75,2
46,https://www.coursera.org/learn/ekonometrika,4.9,https://www.coursera.org/lecture/ekonometrika/3-1-1-proghnozirovaniie-vo-mnozhiestviennoi-rieghriessii-PJZHv,486,man,brown,hairless,1,0,formal,0,0,0,1,1,0,0,medium,shaved,0,0,0,0,0,104.5,102.0,1.0245098039215683,20.63,19.52,0.11,2.61,0.0,2.0,9
47,https://www.coursera.org/learn/ekonometrika,4.9,https://www.coursera.org/lecture/ekonometrika/4-1-1-opriedielieniie-mul-tikolliniearnosti-xHI93,669,man,brown,hairless,1,0,formal,0,0,0,1,1,0,0,medium,shaved,0,0,0,0,0,111.5,70.0,1.5928571428571427,0.0,0.0,0.0,0.0,0.0,0.0,10
48,https://www.coursera.org/learn/ekonometrika,4.9,https://www.coursera.org/lecture/ekonometrika/5-1-1-gomoskiedastichnost-doska-dGYEC,638,man,brown,hairless,1,0,formal,1,0,0,1,0,0,1,low,shaved,0,0,0,0,0,84.0,159.0,0.5283018867924528,59.61,2.31,0.0,0.29,0.0,0.0,11
49,https://www.coursera.org/learn/economy-russia-transition,4.7,https://www.coursera.org/lecture/economy-russia-transition/transition-set-up-starting-point-4DXOL,796,man,grey,short,0,0,formal,0,0,0,1,0,0,1,low,shaved,0,1,0,0,0,136.0,275.0,0.4945454545454546,26.94,56.56,0.0,7.94,0.0,0.22,1
50,https://www.coursera.org/learn/economy-russia-transition,4.7,https://www.coursera.org/lecture/economy-russia-transition/price-liberalization-shock-therapy-8q5Wr,1052,man,grey,short,0,0,formal,0,0,0,1,0,0,1,low,shaved,0,1,0,0,0,109.0,280.0,0.3892857142857143,25.79,36.8,0.17,15.51,0.0,1.22,6
51,https://www.coursera.org/learn/economy-russia-transition,4.7,https://www.coursera.org/lecture/economy-russia-transition/economic-transition-under-the-presidential-authority-and-the-new-pm-since-1993-BbbMM,577,man,grey,short,0,0,formal,0,0,0,1,0,0,1,low,shaved,0,1,0,0,0,82.0,177.0,0.4632768361581921,8.77,53.38,0.0,5.45,0.0,6.54,4
52,https://www.coursera.org/learn/international-relations-theory,4.7,https://www.coursera.org/lecture/international-relations-theory/christian-roots-4XnNu,565,man,black,short,0,0,formal,0,0,0,1,1,0,0,medium,shaved,1,1,0,0,0,58.5,100.0,0.585,32.5,21.0,1.98,33.87,0.0,0.38,14
53,https://www.coursera.org/learn/international-relations-theory,4.7,https://www.coursera.org/lecture/international-relations-theory/the-new-science-emerges-DBo9f,714,man,black,short,0,0,formal,0,0,0,1,1,0,0,medium,shaved,1,1,0,0,0,62.5,102.0,0.6127450980392157,0.0,0.0,0.0,0.0,0.0,0.0,12
54,https://www.coursera.org/learn/international-relations-theory,4.7,https://www.coursera.org/lecture/international-relations-theory/historic-context-the-cold-war-mLLUN,646,man,black,short,0,0,formal,0,0,0,1,1,0,0,medium,shaved,1,1,0,0,0,62.0,88.0,0.7045454545454546,15.23,12.89,0.36,50.6,0.0,0.6,18
55,https://www.coursera.org/learn/vvedenie-mashinnoe-obuchenie,4.6,https://www.coursera.org/lecture/vvedenie-mashinnoe-obuchenie/rieshaiushchiie-dieriev-ia-kVz6T,491,man,grey,short,1,0,formal,0,1,0,0,1,0,0,low,shaved,0,1,0,0,0,74.0,130.0,0.5692307692307692,5.56,28.28,0.0,10.39,0.0,0.44,7
56,https://www.coursera.org/learn/vvedenie-mashinnoe-obuchenie,4.6,https://www.coursera.org/lecture/vvedenie-mashinnoe-obuchenie/mietod-blizhaishikh-sosiediei-jCkvu,595,man,grey,short,1,0,formal,0,1,0,0,1,0,0,low,shaved,0,1,0,0,0,84.5,147.0,0.5748299319727891,8.95,8.9,0.0,46.61,0.72,2.78,4
57,https://www.coursera.org/learn/vvedenie-mashinnoe-obuchenie,4.6,https://www.coursera.org/lecture/vvedenie-mashinnoe-obuchenie/mietod-stokhastichieskogho-ghradiienta-postanovka-zadachi-EHP63,363,man,grey,short,1,0,formal,0,1,0,0,0,0,0,low,shaved,0,1,0,0,0,83.5,157.0,0.5318471337579618,2.01,9.88,0.0,67.67,0.11,4.97,2
58,https://www.coursera.org/learn/cennye-bumagi-pravovoe-regulirovanie,4.9,https://www.coursera.org/lecture/cennye-bumagi-pravovoe-regulirovanie/1-1-zachiem-nuzhny-tsiennyie-bumaghi-B3QK1,454,man,black,short,0,0,formal,0,0,0,1,0,0,0,high,shaved,0,1,0,0,0,120.0,313.0,0.38338658146964855,49.86,43.47,0.0,1.61,0.0,3.22,14
59,https://www.coursera.org/learn/cennye-bumagi-pravovoe-regulirovanie,4.9,https://www.coursera.org/lecture/cennye-bumagi-pravovoe-regulirovanie/2-1-dokumientarnyie-i-biezdokumientarnyie-tsiennyie-bumaghi-apRif,472,man,black,short,1,0,formal,0,0,0,1,0,0,0,high,shaved,0,1,0,0,0,92.5,184.0,0.5027173913043478,3.63,50.17,0.0,0.12,4.21,0.0,16
60,https://www.coursera.org/learn/cennye-bumagi-pravovoe-regulirovanie,4.9,https://www.coursera.org/lecture/cennye-bumagi-pravovoe-regulirovanie/3-1-vieksielia-WZa4x,324,man,black,short,0,0,formal,0,0,0,1,0,0,0,high,shaved,0,1,0,0,0,51.5,88.0,0.5852272727272727,23.65,67.31,0.24,0.65,0.0,3.15,17
61,https://www.coursera.org/learn/latex,4.8,https://www.coursera.org/lecture/latex/vstavka-risunkov-i-tablits-vviedieniie-zIkow,640,man,black,short,0,0,formal,0,1,0,1,1,0,0,low,shaved,0,1,0,0,0,93.0,158.0,0.5886075949367089,36.17,0.11,0.0,7.44,0.0,11.44,2
62,https://www.coursera.org/learn/latex,4.8,https://www.coursera.org/lecture/latex/obiekt-theorem-F8naj,687,man,black,short,0,0,formal,0,1,0,1,1,0,0,low,shaved,0,1,0,0,0,0.0,0.0,0.0,39.65,0.94,0.0,2.39,0.0,2.91,1
63,https://www.coursera.org/learn/latex,4.8,https://www.coursera.org/lecture/latex/ctandartnyi-podkhod-thebibliography-GBegm,938,man,black,short,0,0,formal,0,1,0,1,1,0,0,low,shaved,0,1,0,0,0,90.0,161.0,0.5590062111801242,60.66,0.4,0.0,24.07,0.0,7.83,3
64,https://www.coursera.org/learn/algebra-lineynaya,4.5,https://www.coursera.org/lecture/algebra-lineynaya/2-1-chto-takoie-linieinaia-funktsiia-9Hcj6,360,woman,black,short,0,0,formal,0,0,0,1,0,0,1,low,none,0,0,0,0,0,95.5,97.0,0.9845360824742267,0.0,0.0,0.0,0.0,0.0,0.0,25
65,https://www.coursera.org/learn/algebra-lineynaya,4.5,https://www.coursera.org/lecture/algebra-lineynaya/3-1-bazis-linieinogho-prostranstva-efllX,301,woman,black,short,0,0,formal,0,0,0,1,0,0,1,medium,none,0,0,0,0,0,83.5,86.0,0.9709302325581396,7.38,4.89,6.22,60.63,0.0,15.27,16
66,https://www.coursera.org/learn/algebra-lineynaya,4.5,https://www.coursera.org/lecture/algebra-lineynaya/4-1-sistiemy-linieinykh-uravnienii-OhaV7,587,woman,black,short,0,0,formal,0,0,0,1,0,1,1,low,none,0,0,0,0,0,74.0,77.0,0.9610389610389608,2.06,6.91,9.2,24.14,0.0,45.37,19
67,https://www.coursera.org/learn/mathematics-for-economists,4.5,https://www.coursera.org/lecture/mathematics-for-economists/2-1-differentiation-partial-differentiation-GIJhj,458,man,grey,short,1,0,formal,1,0,0,0,0,0,0,low,shaved,0,1,0,0,0,87.0,10.0,8.7,0.0,72.41,0.0,0.57,8.05,10.34,1
68,https://www.coursera.org/learn/mathematics-for-economists,4.5,https://www.coursera.org/lecture/mathematics-for-economists/3-1-implicit-functions-hVdXB,425,man,grey,short,1,0,formal,1,0,0,0,0,0,0,low,shaved,0,1,0,0,0,0.0,0.0,0.0,3.54,24.78,0.0,0.0,9.73,3.54,4
69,https://www.coursera.org/learn/mathematics-for-economists,4.5,https://www.coursera.org/lecture/mathematics-for-economists/4-1-introduction-in-optimization-foIfK,613,man,grey,short,1,0,formal,1,0,0,0,0,0,0,low,shaved,0,1,0,0,0,240.0,119.0,2.016806722689076,2.7,22.24,0.77,0.0,1.93,0.77,0
70,https://www.coursera.org/learn/intercultural-communication-russians,4.5,https://www.coursera.org/lecture/intercultural-communication-russians/1-1-introduction-to-the-course-sXcRm,829,woman,brown,short,1,0,formal,0,0,0,1,0,0,1,low,none,1,1,1,1,0,124.0,135.0,0.9185185185185184,11.94,51.84,0.42,10.55,0.0,24.15,76
71,https://www.coursera.org/learn/intercultural-communication-russians,4.5,https://www.coursera.org/lecture/intercultural-communication-russians/2-1-metaphors-of-culture-cj9va,894,woman,brown,short,1,0,formal,0,0,0,1,0,0,1,medium,none,1,1,1,1,0,20.0,13.0,1.5384615384615383,27.06,21.45,0.0,20.38,2.74,23.36,61
72,https://www.coursera.org/learn/intercultural-communication-russians,4.5,https://www.coursera.org/lecture/intercultural-communication-russians/3-1-construction-of-meaning-in-communication-WuVxg,786,woman,brown,short,0,0,formal,0,0,0,1,0,0,1,low,none,1,1,1,1,0,18.5,3.0,6.166666666666668,16.93,12.67,0.0,16.27,0.27,46.8,59
73,https://www.coursera.org/learn/ocenka-stoimosti-kompanii,4.4,https://www.coursera.org/lecture/ocenka-stoimosti-kompanii/1-1-o-spietsializatsii-korporativnyie-finansy-i-stoimost-kompanii-P6N11,633,woman,blonde,short,1,0,formal,0,0,0,1,1,0,0,low,none,1,0,1,1,0,0.0,0.0,0.0,3.26,35.87,0.0,16.3,0.0,0.0,27
74,https://www.coursera.org/learn/ocenka-stoimosti-kompanii,4.4,https://www.coursera.org/lecture/ocenka-stoimosti-kompanii/2-1-kak-primieniat-finansovyie-pokazatieli-dlia-izmierieniia-effiektivnosti-i-BMxHD,859,man,black,short,0,0,informal,0,0,0,1,1,0,0,low,beard,0,0,0,0,0,119.0,96.0,1.2395833333333333,0.0,0.0,0.0,0.0,0.0,0.0,11
75,https://www.coursera.org/learn/ocenka-stoimosti-kompanii,4.4,https://www.coursera.org/lecture/ocenka-stoimosti-kompanii/3-1-kak-izmieriaietsia-balansovaia-stoimost-i-pribyl-J8aXM,627,man,black,short,0,0,informal,0,0,0,1,1,0,0,low,beard,0,0,0,0,0,55.0,55.0,1.0,92.43,0.06,0.0,2.25,0.0,5.14,10
76,https://www.coursera.org/learn/rechevoj-etiket,4.6,https://www.coursera.org/lecture/rechevoj-etiket/opriedielieniie-kliuchievykh-poniatii-o3hjr,322,man,grey,short,0,0,formal,0,0,0,1,0,0,1,low,beard,0,1,0,0,1,30.5,20.0,1.525,42.27,6.46,1.9,11.88,0.17,32.24,11
77,https://www.coursera.org/learn/rechevoj-etiket,4.6,https://www.coursera.org/lecture/rechevoj-etiket/postanovka-zadachi-i-tierminy-2z6jJ,288,man,grey,short,0,0,formal,0,0,0,1,0,0,1,medium,beard,0,1,0,0,1,65.5,159.0,0.4119496855345912,19.26,11.81,4.82,40.15,1.34,22.12,14
78,https://www.coursera.org/learn/rechevoj-etiket,4.6,https://www.coursera.org/lecture/rechevoj-etiket/dialogh-o-privietstvii-i-proshchanii-dLOQZ,401,man,grey,short,0,0,formal,0,0,1,0,0,0,0,low,beard,0,1,0,0,0,130.0,85.0,1.5294117647058822,0.0,0.0,0.0,0.0,0.0,0.0,10
79,https://www.coursera.org/learn/mikroekonomika,4.5,https://www.coursera.org/lecture/mikroekonomika/2-1-rynok-individual-nyi-spros-xueKq,596,man,black,short,0,0,formal,0,1,0,0,0,0,1,low,shaved,0,1,0,0,0,100.5,145.0,0.6931034482758621,30.07,4.98,14.11,39.26,0.0,5.69,13
80,https://www.coursera.org/learn/mikroekonomika,4.5,https://www.coursera.org/lecture/mikroekonomika/3-1-zadacha-potriebitiel-skogho-vybora-osnovnyie-instrumienty-bldni,774,man,black,short,0,0,formal,0,1,0,0,0,0,0,medium,shaved,0,1,0,0,0,194.5,237.0,0.820675105485232,16.78,30.82,5.21,33.1,0.0,2.33,8
81,https://www.coursera.org/learn/mikroekonomika,4.5,https://www.coursera.org/lecture/mikroekonomika/4-1-proizvodstviennaia-funktsiia-qKTyc,709,man,black,short,0,0,formal,0,1,0,0,0,0,0,medium,shaved,0,1,0,0,0,108.0,169.0,0.6390532544378699,6.14,16.29,5.99,65.02,0.0,4.06,5
82,https://www.coursera.org/learn/int-relations-history,None,https://www.coursera.org/lecture/int-relations-history/piervaia-mirovaia-voina-prichiny-YP2gj,846,man,grey,hairless,0,0,formal,0,0,0,1,0,0,1,low,beard,1,1,0,0,0,0.0,0.0,0.0,23.93,0.24,0.0,5.45,0.0,3.79,17
83,https://www.coursera.org/learn/int-relations-history,None,https://www.coursera.org/lecture/int-relations-history/transformatsiia-rossiiskoi-impierii-eMHMg,972,man,grey,hairless,0,0,formal,0,0,0,1,1,0,0,medium,beard,1,1,0,0,0,0.0,0.0,0.0,45.35,0.0,0.0,41.42,0.0,1.6,13
84,https://www.coursera.org/learn/int-relations-history,None,https://www.coursera.org/lecture/int-relations-history/mirovoi-ekonomichieskii-krizis-5TyBb,496,man,grey,hairless,0,0,formal,0,0,0,1,0,0,1,medium,beard,1,1,0,0,0,0.0,0.0,0.0,34.32,0.0,0.0,33.47,0.0,4.87,10
85,https://www.coursera.org/learn/vvedenie-v-mat-metody,4.9,https://www.coursera.org/lecture/vvedenie-v-mat-metody/osnovnaia-idieia-mietoda-pierievala-O7nGn,754,man,black,long,1,0,informal,1,0,0,0,0,0,0,low,beard,0,0,0,0,0,129.5,175.0,0.74,39.22,37.44,15.24,3.57,0.0,1.38,4
86,https://www.coursera.org/learn/vvedenie-v-mat-metody,4.9,https://www.coursera.org/lecture/vvedenie-v-mat-metody/intieghral-noie-priedstavlieniie-ghamma-funktsii-1-KNmuy,575,man,black,short,0,0,informal,1,0,0,0,1,0,0,low,shaved,0,1,0,0,0,0.0,0.0,0.0,20.04,45.12,4.44,5.65,1.08,13.99,6
87,https://www.coursera.org/learn/vvedenie-v-mat-metody,4.9,https://www.coursera.org/lecture/vvedenie-v-mat-metody/intieghral-naia-eksponienta-F2Nui,387,man,black,short,0,0,informal,1,0,0,0,1,0,0,low,shaved,0,1,0,0,0,141.5,235.0,0.6021276595744681,7.62,13.53,8.05,36.61,0.5,28.49,2
88,https://www.coursera.org/learn/moscow-semantic-school,4.8,https://www.coursera.org/lecture/moscow-semantic-school/sistiemoobrazuiushchiie-smysly-0OzF6,827,woman,black,long,0,0,informal,0,0,0,1,1,0,0,low,none,0,0,0,1,0,125.5,166.0,0.7560240963855421,0.0,0.0,0.0,0.0,0.0,0.0,26
89,https://www.coursera.org/learn/moscow-semantic-school,4.8,https://www.coursera.org/lecture/moscow-semantic-school/pravila-vzaimodieistviia-smyslov-1aMDd,669,woman,black,long,0,0,informal,0,0,0,1,0,0,0,low,none,0,0,0,1,0,37.0,21.0,1.761904761904762,2.53,0.08,32.16,60.48,0.0,3.15,17
90,https://www.coursera.org/learn/moscow-semantic-school,4.8,https://www.coursera.org/lecture/moscow-semantic-school/znachieniia-sochietaiemost-grammatichieskiie-svoistva-pR3Lx,770,woman,black,long,0,0,informal,0,0,0,1,1,0,0,medium,none,0,0,0,1,0,27.0,9.0,3.0,17.11,0.88,41.7,31.5,0.37,7.2,16
91,https://www.coursera.org/learn/stochasticprocesses,4.5,https://www.coursera.org/lecture/stochasticprocesses/week-2-1-definition-of-a-poisson-process-as-a-special-example-of-renewal-process-rwJEn,422,man,brown,short,0,0,formal,1,0,0,0,1,0,0,low,beard,1,1,0,0,0,290.0,237.0,1.2236286919831223,28.59,5.33,26.83,6.02,2.07,8.53,0
92,https://www.coursera.org/learn/stochasticprocesses,4.5,https://www.coursera.org/lecture/stochasticprocesses/week-3-1-definition-of-a-markov-chain-some-examples-SxT6N,1036,man,brown,short,0,0,formal,1,0,0,0,1,0,0,low,beard,1,1,0,0,0,53.0,22.0,2.409090909090909,20.95,29.59,7.56,25.05,0.0,3.67,6
93,https://www.coursera.org/learn/stochasticprocesses,4.5,https://www.coursera.org/lecture/stochasticprocesses/week-4-1-random-vector-definition-and-main-properties-6Vt0M,336,man,brown,short,0,0,formal,1,0,0,0,1,0,0,low,beard,1,1,0,0,0,62.0,11.0,5.636363636363638,25.43,51.4,0.86,5.28,4.96,4.53,1
94,https://www.coursera.org/learn/what-is-a-proof,4.4,https://www.coursera.org/lecture/what-is-a-proof/magic-squares-Zp7dt,206,man,grey,short,1,0,informal,0,0,0,0,0,0,0,medium,beard,0,1,0,0,0,145.5,192.0,0.7578125,34.05,6.09,2.26,11.93,0.5,0.25,15
95,https://www.coursera.org/learn/what-is-a-proof,4.4,https://www.coursera.org/lecture/what-is-a-proof/recursion-NKW7a,585,man,brown,short,1,0,informal,0,0,0,0,1,0,0,high,shaved,0,0,0,0,0,182.5,173.0,1.0549132947976878,4.52,43.07,4.15,27.24,1.89,2.36,2
96,https://www.coursera.org/learn/what-is-a-proof,4.4,https://www.coursera.org/lecture/what-is-a-proof/examples-a4e2d,403,man,black,short,0,0,informal,0,0,0,0,0,0,0,high,shaved,0,0,0,0,0,65.5,136.0,0.4816176470588235,1.27,0.22,2.83,79.6,0.0,15.85,12
97,https://www.coursera.org/learn/intro-to-deep-learning,4.6,https://www.coursera.org/lecture/intro-to-deep-learning/multilayer-perceptron-mlp-yy1NV,755,man,black,short,0,0,informal,0,0,0,1,0,0,0,high,shaved,0,1,0,0,0,69.5,80.0,0.86875,89.17,6.05,1.67,0.72,0.0,2.39,6
98,https://www.coursera.org/learn/intro-to-deep-learning,4.6,https://www.coursera.org/lecture/intro-to-deep-learning/motivation-for-convolutional-layers-YZnOW,674,man,black,short,0,0,informal,0,0,0,1,1,0,0,medium,shaved,0,0,0,0,0,106.0,180.0,0.5888888888888889,71.26,13.1,12.49,2.02,0.0,1.07,6
99,https://www.coursera.org/learn/intro-to-deep-learning,4.6,https://www.coursera.org/lecture/intro-to-deep-learning/unsupervised-learning-what-it-is-and-why-bother-ocYfY,357,man,black,long,0,0,informal,0,0,0,1,0,0,0,medium,beard,0,0,0,0,0,65.0,161.0,0.40372670807453415,6.42,1.85,8.87,80.85,0.0,0.98,8
100,https://www.coursera.org/learn/data-structures,4.7,https://www.coursera.org/lecture/data-structures/dynamic-arrays-EwbnV,513,man,black,short,0,0,informal,0,0,0,1,1,0,0,medium,shaved,0,1,0,0,0,97.5,198.0,0.4924242424242424,92.77,4.06,2.89,0.22,0.0,0.06,20
101,https://www.coursera.org/learn/data-structures,4.7,https://www.coursera.org/lecture/data-structures/introduction-2OpTs,367,man,brown,short,1,0,informal,0,0,0,1,1,0,0,medium,shaved,1,0,0,0,0,93.5,113.0,0.8274336283185841,18.58,6.48,0.45,14.89,0.06,0.0,2
102,https://www.coursera.org/learn/data-structures,4.7,https://www.coursera.org/lecture/data-structures/applications-of-hashing-e4vuN,157,man,black,short,0,0,informal,0,0,0,1,1,0,0,low,shaved,1,0,0,0,0,99.5,204.0,0.4877450980392157,58.78,33.72,0.39,0.78,0.0,6.33,3
103,https://www.coursera.org/learn/digital-marketing-strategy,4.6,https://www.coursera.org/lecture/digital-marketing-strategy/osnovnyie-vidy-vieb-saitov-liendingh-DEvdi,699,man,black,short,0,0,formal,0,0,0,1,0,0,0,high,beard,1,1,0,0,0,69.0,143.0,0.4825174825174825,76.56,0.0,0.0,22.33,0.0,0.33,37
104,https://www.coursera.org/learn/digital-marketing-strategy,4.6,https://www.coursera.org/lecture/digital-marketing-strategy/tierminologhiia-banniernoi-rieklamy-tsienoobrazovaniie-v-rieklamie-mmwe9,775,woman,black,short,1,0,formal,0,0,0,1,1,0,0,high,none,1,0,0,0,0,160.0,280.0,0.5714285714285714,15.46,2.42,3.69,18.19,3.44,8.4,17
105,https://www.coursera.org/learn/digital-marketing-strategy,4.6,https://www.coursera.org/lecture/digital-marketing-strategy/vviedieniie-v-web-analitiku-asKRx,240,man,black,short,0,0,informal,0,0,0,1,1,0,0,low,beard,0,0,0,0,0,89.0,169.0,0.5266272189349113,0.55,0.0,0.0,99.06,0.0,0.22,19
106,https://www.coursera.org/learn/upravlenie-lichnymi-finansami,4.8,https://www.coursera.org/lecture/upravlenie-lichnymi-finansami/1-1-lichnoie-finansovoie-planirovaniie-R6y5T,590,man,blonde,short,1,1,formal,0,0,0,1,1,0,0,medium,beard,0,0,0,0,0,79.5,9.0,8.833333333333334,0.0,0.0,0.0,0.0,0.0,0.0,10
107,https://www.coursera.org/learn/upravlenie-lichnymi-finansami,4.8,https://www.coursera.org/lecture/upravlenie-lichnymi-finansami/2-1-inviestitsii-v-triekh-izmierieniiakh-CXWbg,727,man,blonde,short,1,1,formal,0,0,0,1,1,0,0,medium,beard,0,0,0,0,0,124.5,98.0,1.270408163265306,22.48,0.0,0.0,1.8,64.39,0.36,13
108,https://www.coursera.org/learn/upravlenie-lichnymi-finansami,4.8,https://www.coursera.org/lecture/upravlenie-lichnymi-finansami/3-1-sushchnost-fundamiental-nogho-analiza-BPb2Y,701,man,blonde,short,1,1,formal,0,0,0,1,1,0,0,high,beard,0,0,0,0,0,143.5,149.0,0.9630872483221476,22.42,1.74,1.1,2.76,63.85,1.26,25
109,https://www.coursera.org/learn/discrete-math-and-analyzing-social-graphs,4.7,https://www.coursera.org/lecture/discrete-math-and-analyzing-social-graphs/pascals-triangle-hHaiH,479,man,brown,short,0,0,informal,0,0,0,1,0,0,0,medium,shaved,0,0,0,0,0,118.0,162.0,0.7283950617283951,29.31,55.52,0.11,9.53,0.0,3.27,7
110,https://www.coursera.org/learn/discrete-math-and-analyzing-social-graphs,4.7,https://www.coursera.org/lecture/discrete-math-and-analyzing-social-graphs/random-experiments-outcomes-and-events-2lMMS,735,man,black,long,0,0,formal,0,0,0,0,0,0,0,medium,beard,0,1,0,0,0,86.0,287.0,0.29965156794425085,3.13,0.18,17.62,73.66,0.0,0.12,4
111,https://www.coursera.org/learn/discrete-math-and-analyzing-social-graphs,4.7,https://www.coursera.org/lecture/discrete-math-and-analyzing-social-graphs/the-notion-of-graph-Ym9lm,191,man,black,long,0,0,formal,0,0,0,1,0,0,1,low,beard,0,1,0,0,0,65.0,163.0,0.3987730061349693,46.38,0.1,0.0,32.09,0.0,21.43,9
112,https://www.coursera.org/learn/finansovye-rynki,4.9,https://www.coursera.org/lecture/finansovye-rynki/2-1-formy-proiavlieniia-ghlobalizatsii-Ce4S2,1029,man,blonde,short,1,1,formal,0,0,0,1,1,0,0,medium,beard,0,0,0,0,0,79.5,127.0,0.6259842519685039,31.37,0.06,5.77,7.22,34.31,0.67,15
113,https://www.coursera.org/learn/finansovye-rynki,4.9,https://www.coursera.org/lecture/finansovye-rynki/3-1-priniatiie-finansovykh-rieshienii-v-usloviiakh-nieopriedieliennosti-c4TU9,962,man,blonde,short,1,1,formal,0,0,0,1,1,0,0,medium,beard,0,0,0,0,0,177.5,200.0,0.8875,33.94,0.06,7.44,10.11,27.44,1.33,16
114,https://www.coursera.org/learn/finansovye-rynki,4.9,https://www.coursera.org/lecture/finansovye-rynki/4-1-struktura-rynka-dolghovogho-kapitala-QiMYi,699,man,blonde,short,1,1,formal,0,0,0,1,1,0,0,medium,beard,0,0,0,0,0,94.0,166.0,0.5662650602409639,40.83,0.0,1.17,12.83,27.56,1.56,15
115,https://www.coursera.org/learn/mobile-interaction-design,4.8,https://www.coursera.org/lecture/mobile-interaction-design/why-do-we-conduct-research-dAm7Q,759,man,black,short,0,0,informal,0,0,0,1,1,0,0,medium,beard,1,0,0,0,0,91.5,162.0,0.5648148148148148,39.97,0.11,4.53,8.84,23.0,1.77,9
116,https://www.coursera.org/learn/mobile-interaction-design,4.8,https://www.coursera.org/lecture/mobile-interaction-design/classification-and-overview-of-usability-evaluation-methods-part-1-TnilO,645,man,black,short,0,0,informal,0,0,0,1,1,0,0,medium,beard,1,0,0,0,0,199.0,238.0,0.8361344537815126,39.36,0.16,7.98,15.0,24.67,4.12,13
117,https://www.coursera.org/learn/mobile-interaction-design,4.8,https://www.coursera.org/lecture/mobile-interaction-design/field-research-an-introduction-KsAxM,893,man,black,short,0,0,informal,0,0,0,1,1,0,0,low,beard,1,0,0,0,0,92.0,148.0,0.6216216216216216,34.78,0.0,1.86,24.59,28.37,0.96,20
118,https://www.coursera.org/learn/osnovy-korporativnykh-finansov,4.9,https://www.coursera.org/lecture/osnovy-korporativnykh-finansov/3-1-nieopriedieliennost-i-risk-C8Kzk,624,man,black,short,0,0,formal,0,0,0,1,0,0,0,low,shaved,0,1,0,0,0,44.5,42.0,1.0595238095238095,94.3,0.53,0.18,0.0,2.67,0.71,0
119,https://www.coursera.org/learn/osnovy-korporativnykh-finansov,4.9,https://www.coursera.org/lecture/osnovy-korporativnykh-finansov/4-1-ispol-zovaniie-modieli-sarm-dlia-opriedielieniia-triebuiemoi-dokhodnosti-LxcoD,989,man,black,short,0,1,formal,0,0,0,1,0,0,0,medium,shaved,0,0,0,0,0,87.5,134.0,0.6529850746268657,99.36,0.38,0.0,0.13,0.13,0.0,1
120,https://www.coursera.org/learn/osnovy-korporativnykh-finansov,4.9,https://www.coursera.org/lecture/osnovy-korporativnykh-finansov/2-1-inviestitsiia-kak-dieniezhnyi-potok-G43zC,461,man,black,short,0,1,formal,0,0,0,1,0,0,1,medium,shaved,0,0,0,0,0,100.5,182.0,0.5521978021978022,99.28,0.0,0.0,0.56,0.06,0.06,1
121,https://www.coursera.org/learn/smart-analytics-education,None,https://www.coursera.org/lecture/smart-analytics-education/shiest-istorii-ob-upravlienii-navieiannykh-ori-brafmanom-i-rodom-biekstriemom-FHm1Q,940,man,brown,long,1,0,formal,0,0,0,1,0,0,1,medium,shaved,0,0,0,0,0,68.0,58.0,1.1724137931034482,5.16,4.93,0.0,87.01,0.0,0.0,8
122,https://www.coursera.org/learn/smart-analytics-education,None,https://www.coursera.org/lecture/smart-analytics-education/chto-takoie-analitika-kvV4v,599,woman,black,short,1,0,formal,0,0,0,1,1,0,0,medium,none,0,0,0,0,0,75.5,68.0,1.1102941176470589,31.68,17.29,0.06,39.26,0.0,0.06,18
123,https://www.coursera.org/learn/smart-analytics-education,None,https://www.coursera.org/lecture/smart-analytics-education/chto-takoie-dannyie-tipy-i-istochniki-dannykh-ob-obrazovanii-BHEmu,407,man,black,long,1,0,formal,0,0,0,1,1,0,0,medium,beard,0,1,0,0,0,61.5,170.0,0.3617647058823529,4.88,16.71,0.36,77.62,0.0,0.14,9
124,https://www.coursera.org/learn/psikhologiya-kommunikacii,4.6,https://www.coursera.org/lecture/psikhologiya-kommunikacii/liektsiia-1-zLgvW,882,woman,brown,short,0,0,formal,0,0,0,1,1,0,0,medium,none,0,0,0,0,0,23.5,1.0,23.5,0.0,17.14,57.14,5.71,5.71,0.0,38
125,https://www.coursera.org/learn/psikhologiya-kommunikacii,4.6,https://www.coursera.org/lecture/psikhologiya-kommunikacii/liektsiia-1-PQoR2,536,woman,brown,short,0,0,formal,0,0,0,1,0,0,0,high,none,0,0,0,0,0,26.5,17.0,1.5588235294117647,49.73,14.81,1.28,30.9,0.0,0.18,14
126,https://www.coursera.org/learn/psikhologiya-kommunikacii,4.6,https://www.coursera.org/lecture/psikhologiya-kommunikacii/liektsiia-1-BCuqA,593,woman,black,long,0,0,formal,0,0,0,1,1,0,0,low,none,0,0,1,1,0,54.5,40.0,1.3625,0.96,0.18,85.82,5.47,0.0,4.33,23
127,https://www.coursera.org/learn/practical-rl,4.1,https://www.coursera.org/lecture/practical-rl/reward-design-e5sNr,944,man,black,short,0,0,informal,0,0,0,1,1,0,0,low,beard,0,1,0,0,0,91.5,153.0,0.5980392156862745,16.05,10.84,2.24,35.61,0.18,33.37,3
128,https://www.coursera.org/learn/practical-rl,4.1,https://www.coursera.org/lecture/practical-rl/model-based-vs-model-free-MnfUn,501,man,brown,long,0,0,informal,0,0,0,1,0,0,0,medium,beard,0,0,0,0,0,97.0,148.0,0.6554054054054054,6.8,27.63,8.78,36.41,0.11,12.12,6
129,https://www.coursera.org/learn/practical-rl,4.1,https://www.coursera.org/lecture/practical-rl/supervised-reinforcement-learning-T40Ro,1021,man,black,short,0,0,informal,0,0,0,1,1,0,0,low,beard,0,0,0,0,0,70.5,136.0,0.5183823529411765,40.44,0.12,0.8,41.49,5.86,5.61,4
130,https://www.coursera.org/learn/general-relativity,4.6,https://www.coursera.org/lecture/general-relativity/tensors-cPorh,541,man,black,short,1,0,formal,1,0,0,0,0,0,0,medium,shaved,0,1,0,0,0,69.5,119.0,0.5840336134453782,68.68,0.65,5.88,18.68,0.0,5.56,3
131,https://www.coursera.org/learn/general-relativity,4.6,https://www.coursera.org/lecture/general-relativity/einstein-hilbert-action-dNuLj,593,man,black,short,1,0,formal,1,0,0,0,0,0,0,high,shaved,0,1,0,0,0,84.5,187.0,0.4518716577540106,25.16,5.46,7.65,57.48,0.0,4.25,2
132,https://www.coursera.org/learn/general-relativity,4.6,https://www.coursera.org/lecture/general-relativity/schwarzschild-solution-USmSZ,710,man,black,short,1,0,formal,1,0,0,0,0,0,0,medium,shaved,0,1,0,0,0,87.0,142.0,0.6126760563380281,47.09,12.65,14.01,23.24,0.0,1.27,3
133,https://www.coursera.org/learn/investicii-obligacii,4.4,https://www.coursera.org/lecture/investicii-obligacii/opriedielieniie-oblighatsii-osnovnyie-paramietry-oblighatsii-M5EYK,490,man,grey,short,1,1,formal,0,0,0,1,0,0,1,medium,shaved,0,0,0,0,0,104.5,155.0,0.6741935483870968,62.47,8.8,3.97,15.88,1.73,2.33,4
134,https://www.coursera.org/learn/investicii-obligacii,4.4,https://www.coursera.org/lecture/investicii-obligacii/raschiet-stoimosti-oblighatsii-chieriez-dieniezhnyie-potoki-DAPXu,698,man,grey,short,1,1,formal,0,0,0,1,0,0,0,high,shaved,0,0,0,0,0,114.0,172.0,0.6627906976744186,69.19,1.38,7.9,5.66,0.92,5.79,6
135,https://www.coursera.org/learn/investicii-obligacii,4.4,https://www.coursera.org/lecture/investicii-obligacii/privliekatiel-nost-inviestirovaniia-v-oblighatsii-7HEK9,750,man,grey,short,1,1,formal,0,0,0,1,0,0,0,medium,shaved,0,0,0,0,0,122.5,110.0,1.1136363636363635,63.58,11.67,5.91,9.03,2.02,4.44,5
136,https://www.coursera.org/learn/kontextnaya-reklama-google-adwords,4.6,https://www.coursera.org/lecture/kontextnaya-reklama-google-adwords/vviedieniie-v-google-adwords-qhJZH,233,man,black,short,0,0,formal,0,0,0,1,1,0,0,low,beard,0,1,0,0,0,0.0,0.0,0.0,30.43,17.39,8.7,0.0,4.35,0.0,9
137,https://www.coursera.org/learn/kontextnaya-reklama-google-adwords,4.6,https://www.coursera.org/lecture/kontextnaya-reklama-google-adwords/vviedieniie-v-kontiekstno-miediinuiu-siet-GfA55,273,man,brown,short,1,0,formal,0,0,0,1,1,0,0,low,beard,1,1,0,0,0,0.0,0.0,0.0,17.78,40.0,2.22,2.22,2.22,0.0,14
138,https://www.coursera.org/learn/kontextnaya-reklama-google-adwords,4.6,https://www.coursera.org/lecture/kontextnaya-reklama-google-adwords/vviedieniie-v-mobil-nuiu-rieklamu-pAepm,663,woman,brown,long,1,0,formal,0,0,0,1,1,0,0,low,none,0,1,1,0,0,0.0,0.0,0.0,0.0,0.0,0.0,0.0,0.0,0.0,45
139,https://www.coursera.org/learn/calculus-and-optimization-for-machine-learning,4.4,https://www.coursera.org/lecture/calculus-and-optimization-for-machine-learning/introduction-to-the-week-jfx9k,302,man,black,short,1,0,informal,0,0,1,0,0,0,0,high,beard,0,1,0,0,0,63.0,137.0,0.4598540145985402,0.0,0.0,0.0,0.0,0.0,0.0,10
140,https://www.coursera.org/learn/calculus-and-optimization-for-machine-learning,4.4,https://www.coursera.org/lecture/calculus-and-optimization-for-machine-learning/introduction-to-the-week-0nvvZ,152,man,black,short,1,0,informal,0,0,1,0,0,0,0,high,beard,0,1,0,0,0,25.0,4.0,6.25,4.66,7.9,4.27,39.38,0.0,13.99,2
141,https://www.coursera.org/learn/institutional-economics,4.8,https://www.coursera.org/lecture/institutional-economics/poniatiie-instituta-Ls646,660,woman,black,short,0,0,informal,0,0,0,1,1,0,0,low,none,0,0,0,0,0,54.5,115.0,0.4739130434782609,1.89,0.11,2.27,77.04,0.0,11.37,45
142,https://www.coursera.org/learn/institutional-economics,4.8,https://www.coursera.org/lecture/institutional-economics/vviedieniie-05JBy,540,woman,black,short,0,0,informal,0,0,0,1,1,0,0,low,none,0,0,0,0,0,27.0,4.0,6.75,21.79,5.13,0.0,16.67,0.0,0.0,61
143,https://www.coursera.org/learn/institutional-economics,4.8,https://www.coursera.org/lecture/institutional-economics/sobstviennost-obshchiegho-dostupa-6sqLS,819,woman,black,short,0,0,informal,0,0,0,1,1,0,0,low,none,0,0,0,0,0,0.0,0.0,0.0,0.0,0.0,0.0,0.0,0.0,0.0,41
144,https://www.coursera.org/learn/communicationtheory-academia-practice,4.7,https://www.coursera.org/lecture/communicationtheory-academia-practice/defining-interpersonal-communication-4v06W,434,woman,brown,short,0,0,formal,0,0,0,1,1,0,0,low,none,0,0,1,1,0,156.5,76.0,2.0592105263157894,5.18,58.4,0.28,27.99,0.0,6.5,1
145,https://www.coursera.org/learn/communicationtheory-academia-practice,4.7,https://www.coursera.org/lecture/communicationtheory-academia-practice/defining-group-communication-cfBU3,731,woman,brown,short,0,0,formal,0,0,0,1,1,0,0,low,none,0,0,1,0,0,98.5,78.0,1.2628205128205128,6.97,41.73,2.21,39.96,0.0,8.3,1
146,https://www.coursera.org/learn/communicationtheory-academia-practice,4.7,https://www.coursera.org/lecture/communicationtheory-academia-practice/introduction-to-rhetoric-UtILK,878,woman,brown,long,0,0,formal,0,0,0,1,0,0,0,high,none,0,0,1,0,0,67.0,62.0,1.0806451612903225,14.78,55.72,0.11,26.28,0.0,3.0,29
147,https://www.coursera.org/learn/lexical-semantic-typology,4.5,https://www.coursera.org/lecture/lexical-semantic-typology/introduction-yMOOa,460,woman,blonde,long,0,0,formal,0,0,0,1,1,0,1,medium,none,0,0,1,1,0,124.0,290.0,0.42758620689655175,0.0,0.0,0.0,0.0,0.0,0.0,2
148,https://www.coursera.org/learn/lexical-semantic-typology,4.5,https://www.coursera.org/lecture/lexical-semantic-typology/typology-of-verbs-of-motion-O0nuJ,539,woman,blonde,long,0,0,formal,0,0,0,1,0,0,0,high,none,0,0,1,1,1,21.0,1.0,21.0,26.32,16.36,2.99,9.96,0.0,31.01,3
149,https://www.coursera.org/learn/lexical-semantic-typology,4.5,https://www.coursera.org/lecture/lexical-semantic-typology/introduction-QzbO5,679,woman,blonde,long,0,0,formal,0,0,0,1,1,0,0,medium,none,0,1,1,1,0,93.0,158.0,0.5886075949367089,21.44,0.44,10.22,6.44,0.0,61.44,1
150,https://www.coursera.org/learn/investicii-akcii,3.9,https://www.coursera.org/lecture/investicii-akcii/vidieo-1-aktsii-i-al-tiernativnyie-varianty-inviestirovaniia-dlia-chastnogho-f4d54,857,woman,blonde,long,0,0,formal,0,0,0,1,1,0,0,medium,none,0,0,1,1,0,24.5,2.0,12.25,24.28,30.64,26.94,2.54,0.0,4.28,13
151,https://www.coursera.org/learn/investicii-akcii,3.9,https://www.coursera.org/lecture/investicii-akcii/vidieo-1-stili-inviestirovaniia-na-fondovom-rynkie-i-short-i-longh-pozitsii-aUTWh,588,woman,blonde,long,0,0,formal,0,0,0,1,1,0,0,medium,none,0,0,1,1,0,0.0,0.0,0.0,57.58,6.06,33.33,0.0,0.0,3.03,13
152,https://www.coursera.org/learn/investicii-akcii,3.9,https://www.coursera.org/lecture/investicii-akcii/vidieo-1-pierieotsieniennyie-i-niedootsieniennyie-kompanii-na-rynkie-pochiemu-yqCIT,681,woman,blonde,long,0,0,formal,0,0,0,1,1,0,0,medium,none,0,0,1,0,0,207.0,123.0,1.6829268292682926,32.22,27.23,27.3,0.21,1.07,4.99,16
153,https://www.coursera.org/learn/deep-learning-in-computer-vision,3.8,https://www.coursera.org/lecture/deep-learning-in-computer-vision/recap-image-classification-VO9K7,505,man,black,short,0,0,formal,0,0,0,1,0,0,0,medium,shaved,0,1,0,0,0,0.0,0.0,0.0,5.79,1.16,81.85,4.63,5.41,1.16,5
154,https://www.coursera.org/learn/deep-learning-in-computer-vision,3.8,https://www.coursera.org/lecture/deep-learning-in-computer-vision/object-detection-problem-tvLPq,375,man,black,short,1,0,informal,0,0,0,1,0,0,0,medium,shaved,0,0,0,0,0,0.0,0.0,0.0,65.45,0.91,14.55,4.55,0.0,14.55,1
155,https://www.coursera.org/learn/deep-learning-in-computer-vision,3.8,https://www.coursera.org/lecture/deep-learning-in-computer-vision/introduction-to-video-analysis-alApg,219,man,black,short,1,0,informal,0,0,0,1,0,0,0,low,shaved,0,0,0,0,0,0.0,0.0,0.0,12.69,52.28,18.02,11.93,4.31,0.25,1
156,https://www.coursera.org/learn/algorithms-on-strings,4.5,https://www.coursera.org/lecture/algorithms-on-strings/burrows-wheeler-transform-GAA6S,276,man,brown,short,1,0,formal,0,0,0,1,0,0,0,medium,beard,0,1,0,0,0,51.5,120.0,0.4291666666666665,57.89,1.33,0.11,35.67,0.0,2.44,38
157,https://www.coursera.org/learn/algorithms-on-strings,4.5,https://www.coursera.org/lecture/algorithms-on-strings/exact-pattern-matching-6lJvz,560,man,black,short,0,0,informal,0,0,0,1,1,0,0,low,shaved,0,0,0,0,0,61.0,131.0,0.4656488549618321,27.77,1.22,0.0,11.59,4.93,19.29,25
158,https://www.coursera.org/learn/algorithms-on-strings,4.5,https://www.coursera.org/lecture/algorithms-on-strings/suffix-array-F8p6U,410,man,black,short,0,0,informal,0,0,0,1,1,0,0,medium,shaved,0,0,0,0,0,59.5,151.0,0.39403973509933776,56.56,0.0,0.0,20.06,0.0,1.0,28
159,https://www.coursera.org/learn/metody-i-sredstva-zashity-informacii,4.7,https://www.coursera.org/lecture/metody-i-sredstva-zashity-informacii/orghanizatsiia-zashchity-informatsii-zi-uJF1a,642,man,brown,short,1,1,formal,0,0,0,1,1,0,0,low,shaved,0,0,0,0,0,131.0,135.0,0.9703703703703704,35.51,0.0,0.06,59.64,0.22,4.07,6
160,https://www.coursera.org/learn/metody-i-sredstva-zashity-informacii,4.7,https://www.coursera.org/lecture/metody-i-sredstva-zashity-informacii/zakonodatiel-nyie-miery-zashchity-informatsii-NrMPL,478,man,brown,short,1,1,formal,0,0,0,1,1,0,0,low,shaved,0,0,0,0,0,100.0,140.0,0.7142857142857143,8.38,3.16,10.54,66.7,0.0,11.04,8
161,https://www.coursera.org/learn/metody-i-sredstva-zashity-informacii,4.7,https://www.coursera.org/lecture/metody-i-sredstva-zashity-informacii/osnovnyie-poniatiia-kontrolia-dostupa-subiektov-pfMog,596,man,brown,short,1,1,formal,0,0,0,1,1,0,0,low,shaved,0,0,0,0,0,127.0,224.0,0.5669642857142857,5.56,0.22,3.17,82.5,0.11,6.94,5
162,https://www.coursera.org/learn/authorschools,None,https://www.coursera.org/lecture/authorschools/obsuzhdieniie-tiemy-niedieli-sqSW6,294,man,grey,short,0,0,formal,0,0,0,1,1,0,1,medium,shaved,0,1,0,0,0,68.5,143.0,0.479020979020979,81.56,7.06,0.0,11.33,0.0,0.0,4
163,https://www.coursera.org/learn/authorschools,None,https://www.coursera.org/lecture/authorschools/obsuzhdieniie-tiemy-niedieli-yMLOu,352,man,grey,short,0,0,formal,0,0,0,1,1,0,0,medium,shaved,0,1,0,0,0,65.5,131.0,0.5,29.54,65.66,0.0,4.07,0.0,0.0,4
164,https://www.coursera.org/learn/authorschools,None,https://www.coursera.org/lecture/authorschools/obsuzhdieniie-tiemy-niedieli-KmBIP,321,man,grey,short,0,0,formal,0,0,0,1,1,0,0,medium,shaved,0,1,0,0,0,88.5,162.0,0.5462962962962963,70.44,26.56,0.39,1.72,0.0,0.0,2
165,https://www.coursera.org/learn/industrial-organization,4.9,https://www.coursera.org/lecture/industrial-organization/1-games-and-strategic-decisions-2c52l,601,man,black,short,0,0,formal,0,0,0,1,1,0,0,high,shaved,0,1,0,0,0,31.5,21.0,1.5,8.44,63.35,0.28,23.79,0.0,0.0,7
166,https://www.coursera.org/learn/industrial-organization,4.9,https://www.coursera.org/lecture/industrial-organization/1-introduction-to-competition-lDJ5i,417,man,black,short,0,0,formal,0,0,0,1,1,0,0,high,shaved,0,1,0,0,0,47.5,56.0,0.8482142857142857,3.5,71.54,0.34,21.45,0.0,0.0,5
167,https://www.coursera.org/learn/industrial-organization,4.9,https://www.coursera.org/lecture/industrial-organization/1-repeated-interaction-5YkrH,527,man,black,short,0,0,formal,0,0,0,1,1,0,0,high,shaved,0,1,0,0,0,47.5,64.0,0.7421875,6.43,57.24,0.54,32.84,0.0,0.0,7
168,https://www.coursera.org/learn/first-steps-in-linear-algebra-for-machine-learning,4.1,https://www.coursera.org/lecture/first-steps-in-linear-algebra-for-machine-learning/coordinates-and-basis-m65UG,743,man,black,short,1,0,formal,0,0,0,1,0,0,1,medium,beard,0,1,0,0,0,120.0,309.0,0.3883495145631068,68.54,23.65,1.95,5.86,0.0,0.0,1
169,https://www.coursera.org/learn/first-steps-in-linear-algebra-for-machine-learning,4.1,https://www.coursera.org/lecture/first-steps-in-linear-algebra-for-machine-learning/overview-of-the-second-week-O3Guz,110,man,brown,short,0,0,formal,0,0,0,1,0,0,0,low,shaved,0,0,0,0,0,76.0,136.0,0.5588235294117647,69.76,21.87,3.15,5.07,0.0,0.16,28
170,https://www.coursera.org/learn/sociologiya-media,3.8,https://www.coursera.org/lecture/sociologiya-media/sistiemnyi-podkhod-k-izuchieniiu-miediasfiery-LnNcF,438,man,grey,short,0,0,formal,0,0,0,1,1,0,1,low,beard,0,0,0,0,0,72.0,149.0,0.4832214765100672,43.37,49.01,4.68,2.93,0.0,0.0,2
171,https://www.coursera.org/learn/sociologiya-media,3.8,https://www.coursera.org/lecture/sociologiya-media/sotsial-nyie-funktsii-obshchiie-sviedieniia-HL2Nn,492,man,grey,short,0,0,formal,0,0,0,1,1,0,0,low,beard,0,0,0,0,0,110.5,193.0,0.5725388601036271,5.11,4.72,0.11,70.11,0.0,3.0,5
172,https://www.coursera.org/learn/sociologiya-media,3.8,https://www.coursera.org/lecture/sociologiya-media/miedia-kak-sotsial-nyi-institut-analiz-miediasistiem-i-miediarynkov-eiBmb,701,man,black,short,0,0,formal,0,0,0,1,0,0,0,medium,beard,0,1,0,0,0,59.0,92.0,0.6413043478260869,58.93,6.5,0.94,0.5,0.0,31.26,3
173,https://www.coursera.org/learn/ekonomicheskaya-sociologiya,4.9,https://www.coursera.org/lecture/ekonomicheskaya-sociologiya/chto-takoie-ekonomika-nOnEF,522,man,brown,short,1,0,formal,0,0,0,1,0,0,1,medium,shaved,0,1,0,0,0,24.5,2.0,12.25,88.44,0.12,1.22,5.6,0.0,4.56,16
174,https://www.coursera.org/learn/ekonomicheskaya-sociologiya,4.9,https://www.coursera.org/lecture/ekonomicheskaya-sociologiya/chto-liezhit-v-osnovie-motivatsii-chielovieka-ekonomichieskogho-tSGKA,684,man,brown,short,1,0,formal,0,0,0,1,0,0,1,medium,shaved,0,1,0,0,0,47.0,64.0,0.734375,54.15,0.0,0.83,7.01,0.06,23.48,26
175,https://www.coursera.org/learn/ekonomicheskaya-sociologiya,4.9,https://www.coursera.org/lecture/ekonomicheskaya-sociologiya/obshchieie-poniatiie-priedprinimatiel-stva-wvbUx,781,man,brown,short,0,0,formal,0,0,0,1,0,0,1,medium,shaved,0,1,0,0,0,141.0,227.0,0.6211453744493393,62.89,0.06,0.0,10.39,0.0,26.56,16
176,https://www.coursera.org/learn/law-invest-ideas,4.7,https://www.coursera.org/lecture/law-invest-ideas/pif-v-rossii-i-mirie-b7Quc,242,woman,black,long,1,0,formal,0,0,0,1,1,0,0,low,none,0,0,1,0,0,115.5,132.0,0.875,7.08,23.2,4.87,46.23,0.23,1.51,13
177,https://www.coursera.org/learn/law-invest-ideas,4.7,https://www.coursera.org/lecture/law-invest-ideas/opriedielieniie-i-osnovnyie-osobiennosti-aifa-fbxbh,281,woman,black,long,0,0,formal,0,0,0,1,1,0,0,low,none,0,0,1,0,0,42.5,53.0,0.8018867924528302,18.04,16.08,3.45,24.12,4.08,2.24,10
178,https://www.coursera.org/learn/law-invest-ideas,4.7,https://www.coursera.org/lecture/law-invest-ideas/inviestitsionnyie-upravliaiushchiie-4zki8,465,man,black,short,0,0,informal,0,0,0,1,0,0,1,low,shaved,0,1,0,0,0,106.5,146.0,0.7294520547945206,3.86,12.45,7.84,40.58,0.35,2.65,14
179,https://www.coursera.org/learn/cultural-creative-industries,3.8,https://www.coursera.org/lecture/cultural-creative-industries/risk-value-and-demand-for-cultural-products-7ZHJJ,740,man,black,short,0,0,formal,0,0,0,1,1,0,0,high,shaved,0,1,0,0,0,62.0,153.0,0.4052287581699345,3.27,9.58,51.36,27.15,0.33,6.09,8
180,https://www.coursera.org/learn/cultural-creative-industries,3.8,https://www.coursera.org/lecture/cultural-creative-industries/what-is-reproducibility-in-media-N06zW,298,man,black,short,0,0,formal,0,0,0,1,0,0,0,high,shaved,0,1,0,0,0,0.0,0.0,0.0,28.37,1.42,25.53,17.02,0.0,27.66,6
181,https://www.coursera.org/learn/cultural-creative-industries,3.8,https://www.coursera.org/lecture/cultural-creative-industries/diversification-of-channels-eZZBr,332,man,black,short,0,0,formal,0,0,0,1,0,0,0,high,shaved,0,1,0,0,0,55.5,120.0,0.4625,38.89,2.83,0.22,36.22,0.06,13.56,5
182,https://www.coursera.org/learn/galois,4.3,https://www.coursera.org/lecture/galois/1-1-field-extensions-examples-G8z9R,864,woman,black,long,0,0,formal,0,0,1,0,0,0,0,low,none,0,0,0,0,0,61.5,106.0,0.5801886792452831,35.75,19.37,0.33,39.24,0.0,2.55,33
183,https://www.coursera.org/learn/galois,4.3,https://www.coursera.org/lecture/galois/2-1-stem-field-some-irreducibility-criteria-O7lYD,800,woman,black,long,0,0,formal,0,0,1,0,0,0,0,low,none,0,0,0,0,0,103.0,213.0,0.4835680751173709,56.68,7.0,0.36,35.19,0.0,0.47,1
184,https://www.coursera.org/learn/galois,4.3,https://www.coursera.org/lecture/galois/3-1-an-example-of-extension-finite-fields-XyyGP,757,woman,black,long,0,0,formal,0,0,1,0,0,0,0,low,none,0,0,0,0,0,63.5,135.0,0.4703703703703704,40.69,13.22,0.0,43.87,0.0,0.34,6
185,https://www.coursera.org/learn/stalinism,4.7,https://www.coursera.org/lecture/stalinism/2-4-1-bloody-sunday-and-the-17th-october-manifesto-e8RVz,787,woman,black,short,1,0,formal,0,0,0,1,0,0,1,low,none,0,0,0,1,0,79.0,115.0,0.6869565217391305,4.84,0.26,41.11,19.95,0.0,29.1,38
186,https://www.coursera.org/learn/stalinism,4.7,https://www.coursera.org/lecture/stalinism/3-7-1-the-first-steps-of-soviet-power-5DsYL,597,woman,black,short,1,0,formal,0,0,0,1,0,0,1,low,none,0,0,0,1,0,100.5,247.0,0.4068825910931174,2.28,0.33,3.83,36.54,0.24,47.63,25
187,https://www.coursera.org/learn/stalinism,4.7,https://www.coursera.org/lecture/stalinism/4-9-1-stalins-abrupt-turn-to-collectivisation-puXI5,614,woman,black,short,1,0,formal,0,0,0,1,0,0,1,medium,none,0,0,0,1,0,96.0,230.0,0.4173913043478261,4.6,0.0,25.05,50.15,0.06,15.16,26
188,https://www.coursera.org/learn/formal-concept-analysis,4.8,https://www.coursera.org/lecture/formal-concept-analysis/the-partial-order-on-concepts-7QidV,669,man,black,short,0,0,informal,1,0,0,0,0,1,1,medium,shaved,0,0,0,0,0,128.0,167.0,0.7664670658682635,0.0,0.0,0.0,0.0,0.0,0.0,0
189,https://www.coursera.org/learn/formal-concept-analysis,4.8,https://www.coursera.org/lecture/formal-concept-analysis/finding-the-concepts-LE5SB,747,man,black,short,0,0,informal,1,0,0,0,0,1,0,medium,shaved,0,0,0,0,0,76.5,104.0,0.7355769230769231,10.66,32.11,0.43,47.08,0.0,6.48,0
190,https://www.coursera.org/learn/formal-concept-analysis,4.8,https://www.coursera.org/lecture/formal-concept-analysis/redundancy-in-implications-eQkWJ,423,man,black,short,0,0,informal,1,0,0,0,0,0,1,low,shaved,0,0,0,0,0,82.5,113.0,0.7300884955752213,14.86,15.19,0.0,31.27,0.0,26.82,1
191,https://www.coursera.org/learn/public-economics,4.5,https://www.coursera.org/lecture/public-economics/1-1-markets-and-governments-CNb32,747,man,black,short,0,0,formal,0,1,1,0,0,0,0,low,shaved,1,1,0,0,0,38.5,25.0,1.54,1.19,75.35,2.7,11.57,0.11,7.57,13
192,https://www.coursera.org/learn/public-economics,4.5,https://www.coursera.org/lecture/public-economics/2-1-government-design-Gmclm,887,man,black,short,0,0,formal,0,1,1,0,0,0,0,low,shaved,1,1,0,0,0,55.0,57.0,0.9649122807017544,12.34,48.05,12.87,25.44,0.54,0.08,11
193,https://www.coursera.org/learn/public-economics,4.5,https://www.coursera.org/lecture/public-economics/3-1-scope-of-government-objectives-and-restrictions-KD8Ac,325,man,black,short,0,0,formal,0,1,1,0,0,0,0,low,shaved,1,1,0,0,0,134.0,190.0,0.7052631578947368,24.01,52.19,2.26,12.14,0.07,2.47,16
194,https://www.coursera.org/learn/probability-theory-statistics,4.0,https://www.coursera.org/lecture/probability-theory-statistics/introduction-to-the-2nd-week-0hH3F,346,man,black,long,0,0,formal,0,0,0,1,0,0,0,medium,beard,0,1,0,0,0,230.5,204.0,1.1299019607843137,38.0,0.0,0.0,37.11,1.5,16.0,0
195,https://www.coursera.org/learn/probability-theory-statistics,4.0,https://www.coursera.org/lecture/probability-theory-statistics/introduction-to-the-3rd-week-C3h65,343,man,black,long,0,0,formal,0,0,0,1,0,0,0,medium,beard,0,1,0,0,0,239.0,235.0,1.0170212765957447,0.0,0.0,0.0,0.0,0.0,0.0,1
196,https://www.coursera.org/learn/probability-theory-statistics,4.0,https://www.coursera.org/lecture/probability-theory-statistics/introduction-to-the-4th-week-Jdcme,232,man,black,long,0,0,formal,0,0,0,1,0,0,0,medium,beard,0,1,0,0,0,252.5,207.0,1.2198067632850242,20.17,0.0,0.0,57.6,0.28,19.72,0
197,https://www.coursera.org/learn/religions-society-china,4.5,https://www.coursera.org/lecture/religions-society-china/taoism-introduction-PVRdz,631,man,black,short,1,0,formal,0,0,0,1,0,0,0,medium,shaved,1,1,0,0,0,68.5,115.0,0.5956521739130435,8.67,14.22,0.0,19.28,0.0,55.94,10
198,https://www.coursera.org/learn/religions-society-china,4.5,https://www.coursera.org/lecture/religions-society-china/taoism-and-the-idea-of-immortality-g01Cx,715,man,black,short,1,0,formal,0,0,0,1,0,0,0,medium,shaved,0,1,0,0,0,67.5,154.0,0.4383116883116883,2.12,2.0,0.0,19.6,0.0,67.71,6
199,https://www.coursera.org/learn/religions-society-china,4.5,https://www.coursera.org/lecture/religions-society-china/confucianism-introduction-YTl1l,718,man,black,short,1,0,formal,0,0,0,1,1,0,0,medium,shaved,0,1,0,0,0,65.5,176.0,0.3721590909090909,1.39,2.78,0.44,21.0,0.0,56.56,20
200,https://www.coursera.org/learn/klientskaya-basa-vkhodyaschii-marketing,4.7,https://www.coursera.org/lecture/klientskaya-basa-vkhodyaschii-marketing/obshchii-podkhod-k-sotsial-nym-sietiam-4anvi,827,man,black,long,0,0,formal,0,0,0,1,1,0,0,high,beard,0,1,0,0,0,131.0,59.0,2.220338983050848,31.46,2.75,0.11,0.97,14.99,0.17,9
201,https://www.coursera.org/learn/klientskaya-basa-vkhodyaschii-marketing,4.7,https://www.coursera.org/lecture/klientskaya-basa-vkhodyaschii-marketing/obshchii-podkhod-k-kontient-markietinghu-TFUXW,486,man,black,long,0,0,formal,0,0,0,1,1,0,0,medium,beard,0,1,0,0,0,197.0,226.0,0.8716814159292036,4.84,81.53,0.71,1.95,9.14,0.18,15
202,https://www.coursera.org/learn/klientskaya-basa-vkhodyaschii-marketing,4.7,https://www.coursera.org/lecture/klientskaya-basa-vkhodyaschii-marketing/crm-stratieghiia-v-sistiemie-razvitiia-bizniesa-G62JR,360,woman,brown,short,0,0,formal,0,0,0,1,0,0,0,medium,none,0,1,1,0,0,77.0,102.0,0.7549019607843137,2.09,68.06,0.54,3.23,20.1,0.06,13
203,https://www.coursera.org/learn/infrastruktura-rynka,4.3,https://www.coursera.org/lecture/infrastruktura-rynka/1-1-1-vzaimodieistviie-inviestora-s-brokierom-brokierskiie-uslughi-i-ikh-tsiena-vVNpO,613,man,grey,hairless,1,0,informal,0,0,0,1,1,0,0,low,beard,0,1,0,0,0,77.5,199.0,0.3894472361809045,11.5,15.28,22.28,37.22,0.0,12.0,11
204,https://www.coursera.org/learn/infrastruktura-rynka,4.3,https://www.coursera.org/lecture/infrastruktura-rynka/2-1prikazy-na-pokupku-i-prodazhu-ikh-vidy-i-osobiennosti-BW8a2,762,man,grey,hairless,1,0,informal,0,0,0,1,1,0,0,low,beard,0,1,0,0,0,76.0,194.0,0.3917525773195876,10.03,4.87,48.1,31.05,0.0,5.78,8
205,https://www.coursera.org/learn/infrastruktura-rynka,4.3,https://www.coursera.org/lecture/infrastruktura-rynka/3-1-1-inviestitsionnyie-stratieghii-osnovannyie-na-sliedovanii-za-triendom-yQZrP,711,man,grey,hairless,1,0,informal,0,0,0,1,1,0,0,low,beard,0,1,0,0,0,89.5,203.0,0.4408866995073892,3.84,6.11,0.17,88.72,0.0,0.06,1
206,https://www.coursera.org/learn/sliyaniye-pogloshcheniye,4.7,https://www.coursera.org/lecture/sliyaniye-pogloshcheniye/2-1-probliema-vybora-iz-nieskol-kikh-inviestitsionnykh-al-tiernativ-VOwmV,565,man,black,short,0,1,formal,0,0,0,1,0,0,1,low,shaved,0,0,0,0,0,37.0,19.0,1.9473684210526316,62.56,18.67,0.61,8.38,1.11,0.2,14
207,https://www.coursera.org/learn/sliyaniye-pogloshcheniye,4.7,https://www.coursera.org/lecture/sliyaniye-pogloshcheniye/3-1-niedostatki-traditsionnykh-pravil-vybora-inviestitsionnykh-proiektov-UzvJ5,1161,man,black,short,0,1,formal,0,0,0,1,0,0,1,low,shaved,0,0,0,0,1,41.5,45.0,0.9222222222222224,64.57,9.1,0.33,7.53,0.13,0.07,6
208,https://www.coursera.org/learn/sliyaniye-pogloshcheniye,4.7,https://www.coursera.org/lecture/sliyaniye-pogloshcheniye/4-1-vviedieniie-opriedielieniie-sdielok-sliianii-i-poghloshchienii-PKDeL,471,woman,brown,long,1,0,formal,0,0,0,1,0,0,1,low,none,0,0,1,1,0,0.0,0.0,0.0,88.19,1.31,0.13,1.84,1.05,0.0,11
209,https://www.coursera.org/learn/politika-sravnitelnaja,4.6,https://www.coursera.org/lecture/politika-sravnitelnaja/1-1-nauka-o-politikie-nM1Lu,749,man,brown,short,1,1,formal,0,0,0,1,1,0,0,high,shaved,0,0,0,0,0,73.5,117.0,0.6282051282051282,39.59,14.13,0.0,6.09,0.12,16.08,7
210,https://www.coursera.org/learn/politika-sravnitelnaja,4.6,https://www.coursera.org/lecture/politika-sravnitelnaja/2-1-1-pochiemu-snova-ghosudarstvo-i-kakoie-imienno-JZGRN,647,man,brown,short,1,1,formal,0,0,0,1,1,0,0,high,shaved,0,0,0,0,0,24.5,10.0,2.45,71.17,25.51,0.0,2.51,0.0,0.0,26
211,https://www.coursera.org/learn/politika-sravnitelnaja,4.6,https://www.coursera.org/lecture/politika-sravnitelnaja/3-1-1-sovriemiennyie-sposoby-raspriedielieniia-vlasti-3mVql,847,man,brown,short,1,1,formal,0,0,0,1,1,0,1,medium,shaved,0,0,0,0,0,0.0,0.0,0.0,2.42,24.22,0.0,0.69,13.49,2.42,4
212,https://www.coursera.org/learn/hadron-collider-machine-learning,4.5,https://www.coursera.org/lecture/hadron-collider-machine-learning/particle-identification-tY43n,501,man,black,short,0,0,formal,0,0,0,1,1,0,0,medium,shaved,0,0,0,0,0,90.0,88.0,1.0227272727272727,42.35,5.05,2.89,10.54,0.11,16.44,6
213,https://www.coursera.org/learn/hadron-collider-machine-learning,4.5,https://www.coursera.org/lecture/hadron-collider-machine-learning/physics-as-a-game-of-theories-Y3edZ,476,man,black,short,0,0,informal,0,0,0,1,1,0,0,medium,beard,0,0,0,0,0,83.0,78.0,1.064102564102564,28.48,10.4,0.68,2.67,0.34,12.85,5
214,https://www.coursera.org/learn/hadron-collider-machine-learning,4.5,https://www.coursera.org/lecture/hadron-collider-machine-learning/dark-matter-oCccr,402,man,black,short,0,0,informal,0,0,0,1,1,0,0,high,beard,0,0,0,0,0,62.0,65.0,0.953846153846154,9.0,6.17,1.44,6.56,0.06,25.61,41
215,https://www.coursera.org/learn/algoritmizacija-vychislenij,4.6,https://www.coursera.org/lecture/algoritmizacija-vychislenij/prostaia-posliedovatiel-nost-dieistvii-uslovnaia-konstruktsiia-vybor-Re6Oj,538,woman,red,long,1,0,informal,0,0,0,1,0,0,1,medium,none,0,0,0,1,0,104.5,150.0,0.6966666666666667,28.53,22.53,0.0,41.48,0.0,0.06,4
216,https://www.coursera.org/learn/algoritmizacija-vychislenij,4.6,https://www.coursera.org/lecture/algoritmizacija-vychislenij/tsikl-ot-do-so-schietchikom-modielirovaniie-tsikla-s-shaghom-otlichnym-ot-1-i-1-UWXbY,284,woman,red,long,1,0,informal,0,0,0,1,0,0,1,medium,none,0,0,0,1,0,62.0,98.0,0.6326530612244898,91.15,1.42,0.0,3.42,0.0,4.01,1
217,https://www.coursera.org/learn/algoritmizacija-vychislenij,4.6,https://www.coursera.org/lecture/algoritmizacija-vychislenij/vychislieniie-summy-eliemientov-massiva-raspolozhiennykh-miezhdu-piervym-i-WPJOw,1021,woman,red,long,1,0,informal,0,0,0,1,0,0,1,medium,none,1,0,0,0,0,0.0,0.0,0.0,71.83,6.34,2.11,19.72,0.0,0.0,2
218,https://www.coursera.org/learn/psikhologiya-mejgruppovykh-otnoshenii,4.9,https://www.coursera.org/lecture/psikhologiya-mejgruppovykh-otnoshenii/liektsiia-1-kEexY,639,woman,brown,short,0,0,formal,0,0,0,1,0,0,0,high,none,0,0,0,0,0,82.0,201.0,0.4079601990049751,44.73,30.44,0.0,11.72,0.0,11.83,54
219,https://www.coursera.org/learn/psikhologiya-mejgruppovykh-otnoshenii,4.9,https://www.coursera.org/lecture/psikhologiya-mejgruppovykh-otnoshenii/liektsiia-1-5l4Np,730,woman,brown,short,0,0,formal,0,0,0,1,0,0,0,high,none,0,0,0,0,0,102.5,254.0,0.4035433070866142,0.0,0.0,0.0,0.0,0.0,0.0,20
220,https://www.coursera.org/learn/psikhologiya-mejgruppovykh-otnoshenii,4.9,https://www.coursera.org/lecture/psikhologiya-mejgruppovykh-otnoshenii/liektsiia-1-e7IMx,697,woman,brown,short,0,0,formal,0,0,0,1,1,0,0,medium,none,0,0,0,0,0,73.5,171.0,0.4298245614035088,33.29,54.58,0.0,4.85,0.0,6.52,23
221,https://www.coursera.org/learn/organizational-practices-and-instruments,None,https://www.coursera.org/lecture/organizational-practices-and-instruments/priedstavlieniie-tiemy-niedieli-BS4iw,535,man,grey,short,1,0,formal,0,0,0,0,0,0,0,high,shaved,0,1,0,0,0,145.5,207.0,0.7028985507246377,14.29,5.97,5.45,56.54,0.0,13.78,8
222,https://www.coursera.org/learn/organizational-practices-and-instruments,None,https://www.coursera.org/lecture/organizational-practices-and-instruments/vviedieniie-v-tiemu-niedieli-xACrl,586,man,grey,short,0,0,formal,0,0,0,0,1,0,0,high,shaved,0,1,0,0,0,79.0,116.0,0.6810344827586207,3.68,1.88,10.76,54.44,0.09,25.11,12
223,https://www.coursera.org/learn/organizational-practices-and-instruments,None,https://www.coursera.org/lecture/organizational-practices-and-instruments/vviedieniie-v-tiemu-niedieli-vOCwj,371,man,grey,short,0,0,formal,0,0,0,0,1,0,0,high,shaved,0,1,0,0,0,21.5,4.0,5.375,20.0,17.7,0.0,30.16,0.0,30.82,5
224,https://www.coursera.org/learn/osnovy-filosofii,4.8,https://www.coursera.org/lecture/osnovy-filosofii/2-1-znaniie-i-mnieniie-0PVhJ,882,man,black,hairless,0,0,formal,0,0,0,1,0,0,0,high,shaved,0,1,0,0,0,119.0,260.0,0.4576923076923077,1.05,0.17,20.49,25.35,0.0,0.33,2
225,https://www.coursera.org/learn/osnovy-filosofii,4.8,https://www.coursera.org/lecture/osnovy-filosofii/3-1-nauka-v-sistiemie-kul-tury-K3fYK,911,man,black,hairless,0,0,formal,0,0,0,1,0,0,0,high,shaved,0,1,0,0,0,112.0,251.0,0.4462151394422311,1.61,0.39,50.06,21.67,0.28,1.22,7
226,https://www.coursera.org/learn/osnovy-filosofii,4.8,https://www.coursera.org/lecture/osnovy-filosofii/4-1-1vviedieniie-tbEbk,441,man,black,short,0,0,informal,0,0,0,1,1,0,0,medium,shaved,0,0,0,0,0,135.5,254.0,0.5334645669291339,1.67,0.11,50.67,25.0,0.11,1.11,19
227,https://www.coursera.org/learn/struktura-kapitala-kompanii,4.8,https://www.coursera.org/lecture/struktura-kapitala-kompanii/1-1-klassifikatsiia-istochnikov-finansirovaniia-kratkosrochnyie-istochniki-1VjGh,660,woman,black,long,0,0,formal,0,0,0,1,1,0,0,low,none,0,0,1,0,0,44.5,31.0,1.435483870967742,33.88,63.8,0.7,0.78,0.47,0.16,18
228,https://www.coursera.org/learn/struktura-kapitala-kompanii,4.8,https://www.coursera.org/lecture/struktura-kapitala-kompanii/2-1-poniatiie-sriednievzvieshiennykh-zatrat-na-kapital-hkoyA,353,woman,black,long,0,0,formal,0,0,0,1,1,0,0,low,none,0,0,1,0,0,152.0,132.0,1.1515151515151516,29.13,63.93,2.05,3.42,1.17,0.1,19
229,https://www.coursera.org/learn/struktura-kapitala-kompanii,4.8,https://www.coursera.org/lecture/struktura-kapitala-kompanii/3-1-priamoi-mietod-opriedielieniia-zatrat-na-zaiemnyi-kapital-7Vcbe,628,woman,black,long,0,0,formal,0,0,0,1,1,0,0,low,none,1,0,1,0,0,93.0,162.0,0.5740740740740741,48.75,25.08,8.49,10.61,0.05,0.6,24
230,https://www.coursera.org/learn/upravlenie-stoimostju-kompanii,4.6,https://www.coursera.org/lecture/upravlenie-stoimostju-kompanii/liektsiia-2-1-stadii-zhizniennogho-tsikla-orghanizatsii-PeGYt,673,woman,blonde,short,1,0,formal,0,0,0,1,1,0,0,low,none,1,0,1,1,0,51.0,73.0,0.6986301369863014,11.88,0.5,38.4,37.96,4.82,6.32,16
231,https://www.coursera.org/learn/upravlenie-stoimostju-kompanii,4.6,https://www.coursera.org/lecture/upravlenie-stoimostju-kompanii/liektsiia-3-1-korporativnoie-upravlieniie-i-modiel-zhtso-ch-1-0g6FC,798,woman,blonde,short,1,0,formal,0,0,0,1,1,0,0,low,none,1,0,1,1,0,52.0,57.0,0.912280701754386,3.12,0.0,29.73,38.62,0.13,28.4,49
232,https://www.coursera.org/learn/upravlenie-stoimostju-kompanii,4.6,https://www.coursera.org/lecture/upravlenie-stoimostju-kompanii/liektsiia-4-1-finansovyi-dizain-kompanii-NY2w3,868,woman,blonde,short,1,0,formal,0,0,0,1,1,0,0,low,none,1,0,1,1,0,69.5,110.0,0.6318181818181818,11.62,0.34,17.85,53.48,6.51,10.04,34
233,https://www.coursera.org/learn/capstone-project,4.5,https://www.coursera.org/lecture/capstone-project/opriedielieniie-pozitsionirovaniia-kompanii-t0qqp,142,woman,brown,long,0,0,formal,0,0,0,1,1,0,0,low,none,0,0,1,0,0,0.0,0.0,0.0,0.0,75.0,0.0,0.0,3.12,0.0,19
234,https://www.coursera.org/learn/capstone-project,4.5,https://www.coursera.org/lecture/capstone-project/opisaniie-tsielievoi-auditorii-i-sozdaniie-tsiennostnogho-priedlozhieniia-14bZI,228,woman,brown,long,0,0,formal,0,0,0,1,1,0,0,medium,none,0,0,1,0,0,0.0,0.0,0.0,3.23,52.42,0.0,0.0,0.0,0.0,23
235,https://www.coursera.org/learn/capstone-project,4.5,https://www.coursera.org/lecture/capstone-project/dierievo-tsieliei-voronki-prodazh-i-loial-nosti-eD8tc,221,woman,brown,long,0,0,formal,0,0,0,1,1,0,0,medium,none,0,0,1,0,0,0.0,0.0,0.0,1.23,26.99,0.61,1.23,0.0,0.0,16
236,https://www.coursera.org/learn/venchurnyj-kapital,4.5,https://www.coursera.org/lecture/venchurnyj-kapital/tsieli-i-zadachi-sovriemiennogho-bizniesa-K77v7,719,man,grey,short,1,1,formal,0,0,0,1,0,1,0,low,shaved,0,0,0,0,0,113.5,183.0,0.6202185792349727,31.54,0.0,0.47,27.98,0.06,37.58,7
237,https://www.coursera.org/learn/venchurnyj-kapital,4.5,https://www.coursera.org/lecture/venchurnyj-kapital/fondy-upravlieniia-aktivami-kak-istochnik-dlia-vienchurnykh-fondov-i-fondov-kfLrU,919,man,grey,short,1,1,formal,1,0,0,1,0,1,0,low,shaved,0,0,0,0,0,91.0,146.0,0.6232876712328768,43.97,0.0,1.22,27.05,0.33,23.95,8
238,https://www.coursera.org/learn/venchurnyj-kapital,4.5,https://www.coursera.org/lecture/venchurnyj-kapital/osnovnyie-etapy-vzaimodieistviia-fonda-i-kompanii-formirovaniie-paiplain-zaiavki-h605S,1141,man,grey,short,1,1,formal,1,0,0,1,0,1,0,low,shaved,0,0,0,0,0,155.0,193.0,0.8031088082901554,27.34,0.0,1.16,9.25,0.06,58.32,5
239,https://www.coursera.org/learn/learnhow,4.8,https://www.coursera.org/lecture/learnhow/my-obozhaiem-mietafory-HNNAN,201,woman,brown,long,0,0,formal,0,0,0,0,0,0,0,high,none,0,0,1,1,0,31.0,4.0,7.75,34.33,61.57,0.0,2.24,0.37,0.0,20
240,https://www.coursera.org/learn/learnhow,4.8,https://www.coursera.org/lecture/learnhow/pochiemu-mozghovyie-tsiepochki-eto-vazhno-13xpW,470,woman,brown,long,0,0,formal,0,0,0,0,0,0,0,high,none,0,0,1,1,0,55.5,4.0,13.875,0.0,0.0,0.0,0.0,0.0,0.0,8
241,https://www.coursera.org/learn/istoriya-ekonomicheskoy-mysli,4.7,https://www.coursera.org/lecture/istoriya-ekonomicheskoy-mysli/liektsiia-3-1-fienomien-karla-marksa-75nXm,1000,man,black,short,0,1,formal,0,0,0,1,1,0,0,low,shaved,0,0,0,0,0,50.0,7.0,7.142857142857142,2.05,97.95,0.0,0.0,0.0,0.0,11
241,https://www.coursera.org/learn/istoriya-ekonomicheskoy-mysli,4.7,https://www.coursera.org/lecture/istoriya-ekonomicheskoy-mysli/liektsiia-3-1-fienomien-karla-marksa-75nXm,1000,man,black,short,0,1,formal,0,0,0,1,1,0,0,low,shaved,0,0,0,0,0,50.0,7.0,7.142857142857142,2.05,97.95,0.0,0.0,0.0,0.0,6
244,https://www.coursera.org/learn/istoriya-ekonomicheskoy-mysli,4.7,https://www.coursera.org/lecture/istoriya-ekonomicheskoy-mysli/liektsiia-3-1-fienomien-karla-marksa-75nXm,1000,man,black,short,0,1,formal,0,0,0,1,1,0,0,low,shaved,0,0,0,0,0,63.5,77.0,0.8246753246753247,0.0,0.0,0.0,0.0,0.0,0.0,11
244,https://www.coursera.org/learn/istoriya-ekonomicheskoy-mysli,4.7,https://www.coursera.org/lecture/istoriya-ekonomicheskoy-mysli/liektsiia-3-1-fienomien-karla-marksa-75nXm,1000,man,black,short,0,1,formal,0,0,0,1,1,0,0,low,shaved,0,0,0,0,0,63.5,77.0,0.8246753246753247,0.0,0.0,0.0,0.0,0.0,0.0,6
242,https://www.coursera.org/learn/istoriya-ekonomicheskoy-mysli,4.7,https://www.coursera.org/lecture/istoriya-ekonomicheskoy-mysli/liektsiia-4-1-dien-ghi-u-mierkantilistov-i-klassikov-qxCyp,670,man,black,short,0,1,formal,0,0,0,1,1,0,0,low,shaved,0,0,0,0,0,96.0,162.0,0.5925925925925926,52.21,30.97,3.73,2.84,0.57,8.6,12
243,https://www.coursera.org/learn/istoriya-ekonomicheskoy-mysli,4.7,https://www.coursera.org/lecture/istoriya-ekonomicheskoy-mysli/liektsiia-8-1-kieinsianskaia-rievoliutsiia-i-ieie-chierty-mCIPP,705,woman,black,short,0,0,formal,0,0,0,1,1,0,0,low,none,0,0,1,1,0,133.5,240.0,0.55625,40.78,25.44,8.07,4.34,0.0,20.3,34
245,https://www.coursera.org/learn/filosofiya-kultury,4.7,https://www.coursera.org/lecture/filosofiya-kultury/2-1-kul-turfilosofiia-dantie-s9VqJ,985,man,grey,short,1,0,formal,0,0,0,1,1,0,0,low,beard,0,1,0,0,0,77.5,127.0,0.610236220472441,8.0,82.71,0.28,5.39,0.67,0.17,41
246,https://www.coursera.org/learn/filosofiya-kultury,4.7,https://www.coursera.org/lecture/filosofiya-kultury/3-1-rietrospiektsiia-ustoi-novogho-vriemieni-i-priedposylki-filosofii-kul-tury-n2M8k,1026,man,grey,short,1,0,formal,0,0,1,0,1,0,0,low,beard,0,1,0,0,0,136.0,265.0,0.5132075471698113,4.11,0.28,2.0,6.61,0.83,85.72,50
247,https://www.coursera.org/learn/filosofiya-kultury,4.7,https://www.coursera.org/lecture/filosofiya-kultury/5-1-xix-viek-smiena-paradighmy-JaMIo,970,man,grey,short,1,0,formal,0,0,0,1,1,0,0,low,beard,0,1,0,0,0,63.5,109.0,0.5825688073394495,53.36,14.57,0.17,5.08,0.28,10.11,27
248,https://www.coursera.org/learn/enumerative-combinatorics,4.6,https://www.coursera.org/lecture/enumerative-combinatorics/words-26Bkh,542,man,black,short,0,0,informal,1,0,0,1,0,0,0,low,beard,0,1,0,0,0,44.0,4.0,11.0,7.23,40.05,0.18,0.09,27.39,0.98,17
249,https://www.coursera.org/learn/enumerative-combinatorics,4.6,https://www.coursera.org/lecture/enumerative-combinatorics/fibonaccis-rabbit-problem-DUAij,576,man,black,short,0,0,informal,1,0,0,1,0,0,0,low,beard,0,1,0,0,0,284.0,80.0,3.55,2.93,0.47,0.33,1.0,2.93,6.05,13
250,https://www.coursera.org/learn/enumerative-combinatorics,4.6,https://www.coursera.org/lecture/enumerative-combinatorics/triangulations-of-a-polygon-xUnGw,576,man,black,short,0,0,informal,1,0,0,1,0,0,0,low,beard,0,1,0,0,0,200.5,99.0,2.025252525252525,2.71,1.07,0.0,0.17,2.94,0.11,10
251,https://www.coursera.org/learn/findjob,4.7,https://www.coursera.org/lecture/findjob/znakomstvo-s-kompaniiei-althaus-group-LdMNl,315,woman,black,short,0,0,formal,0,0,1,1,1,0,0,low,none,0,0,1,0,0,176.5,158.0,1.1170886075949369,80.62,6.16,0.9,8.44,0.0,2.98,26
252,https://www.coursera.org/learn/economics-transition-emerging-markets,4.3,https://www.coursera.org/lecture/economics-transition-emerging-markets/political-economy-of-transition-and-controversies-over-transition-strategy-4HNDq,742,man,grey,hairless,1,1,formal,0,1,0,1,0,0,0,low,beard,1,0,0,0,0,209.0,262.0,0.7977099236641222,73.24,7.72,1.16,15.03,0.0,2.73,0
253,https://www.coursera.org/learn/economics-transition-emerging-markets,4.3,https://www.coursera.org/lecture/economics-transition-emerging-markets/transition-countries-and-the-eu-kcFnY,937,man,grey,hairless,1,1,formal,0,1,0,1,0,0,0,low,beard,1,0,0,0,0,224.5,291.0,0.7714776632302406,86.19,2.61,0.23,7.61,0.0,3.3,25
254,https://www.coursera.org/learn/economics-transition-emerging-markets,4.3,https://www.coursera.org/lecture/economics-transition-emerging-markets/background-of-arab-transition-tn5BY,771,man,grey,hairless,1,1,formal,0,1,0,0,1,0,0,low,beard,1,0,0,0,0,92.0,164.0,0.5609756097560976,0.0,0.0,0.0,0.0,0.0,0.0,15
255,https://www.coursera.org/learn/sankt-peterburg-petr,4.9,https://www.coursera.org/lecture/sankt-peterburg-petr/iunyi-ghrad-osnovaniie-sankt-pietierburgha-i-iegho-idieia-epizod-1-l3COd,661,man,grey,short,1,0,formal,0,0,0,1,0,0,1,high,beard,0,1,0,0,0,96.0,30.0,3.2,0.0,0.0,7.13,82.45,0.0,0.0,4
256,https://www.coursera.org/learn/sankt-peterburg-petr,4.9,https://www.coursera.org/lecture/sankt-peterburg-petr/ielizavietinskii-sankt-pietierburgh-epizod-1-j4ZBr,535,man,grey,short,1,0,formal,0,0,0,1,1,0,0,low,beard,0,1,0,0,0,60.5,71.0,0.852112676056338,12.55,1.52,1.1,42.63,0.0,41.79,8
257,https://www.coursera.org/learn/sankt-peterburg-petr,4.9,https://www.coursera.org/lecture/sankt-peterburg-petr/sankt-pietierburgh-vriemien-iekatieriny-ii-epizod-1-IrM9p,616,man,grey,short,1,0,formal,0,0,0,1,0,0,0,medium,beard,0,1,0,0,0,152.0,86.0,1.7674418604651163,8.96,2.89,1.79,73.61,0.0,4.98,7
258,https://www.coursera.org/learn/management-informacionnoi-bezopasnosti,4.8,https://www.coursera.org/lecture/management-informacionnoi-bezopasnosti/poniatiie-ughrozy-biezopasnosti-informatsii-f56CG,483,man,brown,short,1,1,formal,0,0,0,1,1,0,0,low,shaved,0,0,0,0,0,112.5,190.0,0.5921052631578947,46.6,0.0,0.06,3.21,0.0,50.13,11
259,https://www.coursera.org/learn/management-informacionnoi-bezopasnosti,4.8,https://www.coursera.org/lecture/management-informacionnoi-bezopasnosti/naznachieniie-modieli-ughroz-ib-5NBl7,595,man,brown,short,1,1,formal,0,0,0,1,1,0,0,low,shaved,0,0,0,0,0,150.5,268.0,0.5615671641791045,69.84,0.0,0.0,0.0,0.0,27.92,7
260,https://www.coursera.org/learn/management-informacionnoi-bezopasnosti,4.8,https://www.coursera.org/lecture/management-informacionnoi-bezopasnosti/poniatiie-politiki-biezopasnosti-LjyqS,183,man,brown,short,1,1,formal,0,0,0,1,1,0,0,low,shaved,0,0,0,0,0,121.0,100.0,1.21,88.95,0.0,0.18,0.0,0.0,4.05,8
261,https://www.coursera.org/learn/otraslevye-rynki,4.6,https://www.coursera.org/lecture/otraslevye-rynki/2-1-priedvaritiel-nyie-triebovaniia-k-tiemie-iY6EO,138,woman,brown,short,0,0,formal,0,0,0,1,0,0,1,low,none,0,1,1,0,0,62.5,133.0,0.4699248120300752,72.83,23.16,0.0,0.9,0.0,0.0,5
262,https://www.coursera.org/learn/otraslevye-rynki,4.6,https://www.coursera.org/lecture/otraslevye-rynki/3-1-priedvaritiel-nyie-triebovaniia-k-tiemie-ip3nv,132,woman,brown,short,0,0,formal,0,0,0,1,0,0,0,high,none,0,1,1,0,0,65.5,84.0,0.7797619047619048,42.32,54.04,0.0,0.4,0.0,0.0,7
263,https://www.coursera.org/learn/otraslevye-rynki,4.6,https://www.coursera.org/lecture/otraslevye-rynki/4-1-priedvaritiel-nyie-triebovaniia-k-tiemie-AtRNQ,163,woman,brown,short,0,0,formal,0,0,0,1,0,0,0,medium,none,0,1,1,0,0,77.0,189.0,0.4074074074074074,75.78,22.72,0.0,0.0,0.0,0.0,6
264,https://www.coursera.org/learn/multiple-hypotheses-testing,None,https://www.coursera.org/lecture/multiple-hypotheses-testing/vviedieniie-v-tieoriiu-postroieniia-protsiedur-mnozhiestviennoi-provierki-JbhSY,313,man,black,short,0,0,formal,0,0,0,1,0,0,0,medium,shaved,0,1,0,0,0,91.5,146.0,0.6267123287671232,0.96,76.02,19.01,1.28,0.06,0.0,10
265,https://www.coursera.org/learn/multiple-hypotheses-testing,None,https://www.coursera.org/lecture/multiple-hypotheses-testing/mietod-obiedinieniia-pieriesiechieniia-iierarkhichieskoie-siemieistvo-rqA4h,466,man,black,short,0,0,formal,0,0,0,1,0,0,0,medium,shaved,0,1,0,0,0,224.5,308.0,0.7288961038961039,6.35,84.35,2.0,0.17,1.89,0.06,13
266,https://www.coursera.org/learn/multiple-hypotheses-testing,None,https://www.coursera.org/lecture/multiple-hypotheses-testing/printsip-zamykaniia-postroieniia-protsiedur-mnozhiestviennoi-provierki-ghipotiez-MeJhv,873,man,black,short,0,0,formal,0,0,0,1,0,0,1,medium,shaved,0,1,0,0,0,301.5,155.0,1.9451612903225808,0.0,0.0,0.0,0.0,0.0,0.0,11
267,https://www.coursera.org/learn/modular-forms-jacobi,4.8,https://www.coursera.org/lecture/modular-forms-jacobi/motivations-AhShw,736,man,grey,short,1,0,formal,0,0,0,1,0,0,0,low,shaved,0,0,0,0,0,75.5,134.0,0.5634328358208955,6.56,20.81,33.35,10.78,0.0,3.82,5
268,https://www.coursera.org/learn/modular-forms-jacobi,4.8,https://www.coursera.org/lecture/modular-forms-jacobi/the-weil-representation-dQTEu,718,man,grey,short,1,0,formal,0,0,0,1,0,0,0,low,shaved,0,0,0,0,0,65.0,124.0,0.5241935483870968,21.83,2.44,11.89,11.61,0.0,0.61,3
269,https://www.coursera.org/learn/modular-forms-jacobi,4.8,https://www.coursera.org/lecture/modular-forms-jacobi/definition-of-jacobi-forms-OK736,782,man,grey,short,1,0,formal,0,0,0,1,0,0,0,low,shaved,0,0,0,0,0,66.5,147.0,0.4523809523809524,13.06,7.26,6.15,1.76,0.0,5.62,0
270,https://www.coursera.org/learn/financial-instruments-capstone,4.5,https://www.coursera.org/lecture/financial-instruments-capstone/o-chiem-zadaniie-no2-U2YjM,768,woman,blonde,long,0,0,formal,0,0,0,1,1,0,0,low,none,1,0,1,1,0,55.5,1.0,55.5,41.46,0.0,7.32,29.27,0.0,2.44,23
271,https://www.coursera.org/learn/financial-instruments-capstone,4.5,https://www.coursera.org/lecture/financial-instruments-capstone/o-chiem-zadaniie-no3-mqHkX,505,woman,blonde,long,0,0,formal,0,0,0,1,1,0,0,low,none,1,0,1,1,0,133.5,18.0,7.416666666666668,30.72,2.39,36.52,24.23,0.0,6.14,12
272,https://www.coursera.org/learn/financial-instruments-capstone,4.5,https://www.coursera.org/lecture/financial-instruments-capstone/znakomstvo-s-fiedorom-t9Dw6,200,man,brown,short,0,1,formal,0,0,0,1,1,0,0,low,shaved,1,0,0,0,0,67.5,3.0,22.5,33.33,0.0,0.0,25.64,0.0,0.0,31
273,https://www.coursera.org/learn/sozdanie-stoimosti-kompanii,None,https://www.coursera.org/lecture/sozdanie-stoimosti-kompanii/zadaniie-2-tRjrQ,855,woman,blonde,short,1,0,formal,0,0,0,1,1,0,0,low,none,1,0,0,1,0,70.0,112.0,0.625,22.38,14.1,10.19,13.49,0.0,21.69,33
274,https://www.coursera.org/learn/sozdanie-stoimosti-kompanii,None,https://www.coursera.org/lecture/sozdanie-stoimosti-kompanii/zadaniie-3-20DED,749,woman,blonde,short,1,0,formal,0,0,0,1,1,0,0,low,none,1,0,0,1,0,56.5,45.0,1.2555555555555555,23.46,7.14,34.85,8.73,0.0,22.17,26
275,https://www.coursera.org/learn/sozdanie-stoimosti-kompanii,None,https://www.coursera.org/lecture/sozdanie-stoimosti-kompanii/zadaniie-4-YaVQj,342,man,black,short,1,1,formal,0,0,0,1,1,0,0,low,shaved,0,0,0,0,0,87.0,220.0,0.3954545454545455,61.34,22.35,3.25,12.27,0.0,0.22,15
