video_id,course_url,course_rating,url,time,gender,hair,hair_length,glasses,tie,clothes,black_board_type,pic_in_pic_type,sitting_type,remote_control,crossed_hands,back_hands,hands_down,hands_activity,shaved,watch,unbutonned_shirt,pomade,jewelry,hands_in_pocket
1,https://www.coursera.org/learn/vospitat-detei-pravilno,4.8,https://www.coursera.org/lecture/vospitat-detei-pravilno/triada-yBSBH,529,woman,blonde,short,0,0,informal,0,0,0,1,1,0,0,medium,none,0,0,1,1,0
2,https://www.coursera.org/learn/vospitat-detei-pravilno,4.8,https://www.coursera.org/lecture/vospitat-detei-pravilno/osobiennosti-matierinskogho-poviedieniia-NHbYo,533,woman,blonde,short,0,0,informal,0,0,0,1,1,0,0,medium,none,0,0,1,0,0
3,https://www.coursera.org/learn/vospitat-detei-pravilno,4.8,https://www.coursera.org/lecture/vospitat-detei-pravilno/emotsional-noie-polie-siem-i-fYHVo,527,woman,blonde,short,0,0,informal,0,0,0,1,1,0,0,medium,none,0,0,1,0,1
4,https://www.coursera.org/learn/neuroeconomics,4.7,https://www.coursera.org/lecture/neuroeconomics/neuroeconomics-as-a-multidisciplinary-field-LRRlW,986,man,brown,long,0,0,formal,0,0,0,1,1,0,0,medium,shaved,0,0,0,0,1
5,https://www.coursera.org/learn/neuroeconomics,4.7,https://www.coursera.org/lecture/neuroeconomics/a-brief-intro-to-neuroanatomy-and-neurophysiology-TUtHh,615,man,brown,long,0,0,formal,0,0,0,1,1,0,1,low,shaved,0,0,0,0,0
6,https://www.coursera.org/learn/neuroeconomics,4.7,https://www.coursera.org/lecture/neuroeconomics/perceptual-decisions-hyLXw,491,man,brown,long,0,0,formal,0,0,0,1,0,0,0,medium,shaved,0,0,0,0,0
7,https://www.coursera.org/learn/game-theory,4.8,https://www.coursera.org/lecture/game-theory/kak-rieshat-ighry-UdQ1B,248,man,red,short,0,1,informal,0,0,0,1,0,0,0,high,shaved,0,0,0,0,0
8,https://www.coursera.org/learn/game-theory,4.8,https://www.coursera.org/lecture/game-theory/opriedielieniie-ravnoviesiia-nesha-eCvHT,486,man,red,short,0,1,formal,0,0,0,1,0,0,0,high,shaved,0,0,0,0,0
9,https://www.coursera.org/learn/game-theory,4.8,https://www.coursera.org/lecture/game-theory/stratieghii-v-ighrakh-v-razviernutoi-formie-SrvMG,589,man,red,short,0,1,informal,0,0,0,1,0,0,0,high,shaved,0,1,0,0,0
10,https://www.coursera.org/learn/rus-business-law,None,https://www.coursera.org/lecture/rus-business-law/2-1-poniatiie-pravovogho-riezhima-2jrBo,400,woman,red,long,1,0,formal,0,0,0,1,1,0,0,medium,none,0,0,0,1,0
11,https://www.coursera.org/learn/rus-business-law,None,https://www.coursera.org/lecture/rus-business-law/3-1-kritierii-klassifikatsii-i-vidy-triebovanii-k-bizniesu-TUVa4,607,woman,red,long,0,0,formal,0,0,0,1,1,0,0,medium,none,0,0,0,1,0
12,https://www.coursera.org/learn/rus-business-law,None,https://www.coursera.org/lecture/rus-business-law/4-1-vidy-riezul-tatov-priedprinimatiel-skoi-dieiatiel-nosti-y6cWs,571,woman,red,long,1,0,formal,0,0,0,1,1,0,0,medium,none,1,0,0,1,0
13,https://www.coursera.org/learn/language-processing,4.6,https://www.coursera.org/lecture/language-processing/count-n-gram-language-models-IdJFl,632,woman,brown,long,0,0,formal,0,0,0,1,0,0,0,high,none,0,0,1,0,0
14,https://www.coursera.org/learn/language-processing,4.6,https://www.coursera.org/lecture/language-processing/distributional-semantics-bee-and-honey-vs-bee-an-bumblebee-PtRav,517,woman,brown,long,0,0,formal,0,0,0,1,1,0,0,high,none,0,0,1,0,0
15,https://www.coursera.org/learn/language-processing,4.6,https://www.coursera.org/lecture/language-processing/introduction-to-machine-translation-nv7Cr,930,woman,brown,long,0,0,informal,0,0,0,1,1,0,0,high,none,0,0,1,1,0
16,https://www.coursera.org/learn/makrojekonomika,4.9,https://www.coursera.org/lecture/makrojekonomika/1-1-chto-izuchaiet-makroekonomika-kratkosrochnaia-i-dolghosrochnaia-vriemiennyie-uhVq2,633,man,black,short,1,0,formal,0,0,0,1,0,0,0,high,shaved,0,1,0,0,0
17,https://www.coursera.org/learn/makrojekonomika,4.9,https://www.coursera.org/lecture/makrojekonomika/2-1-valovoi-vnutriennii-produkt-1-nI77C,932,man,black,short,1,0,formal,0,0,0,1,0,0,0,high,shaved,0,1,0,0,0
18,https://www.coursera.org/learn/makrojekonomika,4.9,https://www.coursera.org/lecture/makrojekonomika/3-1-modielirovaniie-vvp-priediel-nyi-produkt-faktorov-proizvodstva-NAhX4,792,man,black,short,1,0,formal,0,0,0,1,1,0,0,high,shaved,0,1,0,0,0
19,https://www.coursera.org/learn/multilingual-multicultural-education,4.4,https://www.coursera.org/lecture/multilingual-multicultural-education/diversity-in-education-a1dDb,375,man,black,short,0,0,formal,0,0,0,1,1,0,0,low,shaved,0,0,0,0,0
20,https://www.coursera.org/learn/multilingual-multicultural-education,4.4,https://www.coursera.org/lecture/multilingual-multicultural-education/multilingual-education-for-young-children-YnrmQ,335,man,black,short,0,1,formal,0,0,0,1,1,0,0,medium,shaved,0,0,0,0,0
21,https://www.coursera.org/learn/multilingual-multicultural-education,4.4,https://www.coursera.org/lecture/multilingual-multicultural-education/policy-and-planning-in-multilingual-education-eHS9T,321,man,black,short,0,1,formal,0,0,0,1,1,0,0,medium,shaved,0,0,0,0,0
22,https://www.coursera.org/learn/competitive-data-science,4.7,https://www.coursera.org/lecture/competitive-data-science/overview-1Nh5Q,400,man,black,short,0,0,informal,0,0,0,1,0,0,0,high,shaved,0,0,0,0,0
23,https://www.coursera.org/learn/competitive-data-science,4.7,https://www.coursera.org/lecture/competitive-data-science/exploratory-data-analysis-zvOJc,421,man,black,short,0,0,informal,0,0,0,1,0,0,0,medium,shaved,0,0,0,0,0
24,://www.coursera.org/learn/competitive-data-science,4.7,https://www.coursera.org/lecture/competitive-data-science/motivation-K3Siv,512,man,black,short,0,0,informal,0,0,0,1,0,0,0,medium,shaved,0,0,0,0,0
25,https://www.coursera.org/learn/python-osnovy-programmirovaniya,4.6,https://www.coursera.org/lecture/python-osnovy-programmirovaniya/loghichieskii-tip-dannykh-i-opieratsii-5QESm,376,man,black,short,0,0,informal,0,0,0,1,1,0,0,medium,shaved,0,0,0,0,0
26,https://www.coursera.org/learn/python-osnovy-programmirovaniya,4.6,https://www.coursera.org/lecture/python-osnovy-programmirovaniya/kak-ustroieny-vieshchiestviennyie-chisla-XJWue,983,man,black,short,0,0,informal,1,0,0,0,1,0,0,low,shaved,0,0,0,0,0
27,https://www.coursera.org/learn/python-osnovy-programmirovaniya,4.6,https://www.coursera.org/lecture/python-osnovy-programmirovaniya/funktsii-OECXJ,449,man,black,short,0,0,informal,0,0,0,1,1,0,0,medium,shaved,0,0,0,0,0
28,https://www.coursera.org/learn/intro-to-numerical-analysis,4.8,https://www.coursera.org/lecture/intro-to-numerical-analysis/solving-non-linear-equations-Ya0Ll,412,man,black,short,1,0,formal,0,0,1,0,0,0,0,low,shaved,0,1,0,0,0
29,https://www.coursera.org/learn/intro-to-numerical-analysis,4.8,https://www.coursera.org/lecture/intro-to-numerical-analysis/large-scale-systems-of-linear-equations-MpTr2,306,man,black,short,1,0,formal,0,0,1,0,0,0,0,low,shaved,0,1,0,0,0
30,https://www.coursera.org/learn/intro-to-numerical-analysis,4.8,https://www.coursera.org/lecture/intro-to-numerical-analysis/interpolation-and-approximation-modelling-of-data-N11RL,568,man,black,short,1,0,formal,0,0,1,0,0,0,0,low,shaved,0,1,0,0,0
31,https://www.coursera.org/learn/complex-variable,None,https://www.coursera.org/lecture/complex-variable/tieoriema-koshi-3WrAf,206,man,black,short,0,0,informal,1,0,0,0,1,0,0,low,beard,0,0,0,0,0
32,https://www.coursera.org/learn/complex-variable,None,https://www.coursera.org/lecture/complex-variable/vziatiie-intieghrala-vychietami-i-B8w6O,447,man,black,short,0,0,informal,1,0,0,0,1,0,0,low,beard,0,0,0,0,0
33,https://www.coursera.org/learn/complex-variable,None,https://www.coursera.org/lecture/complex-variable/mnoghoznachnyie-funktsii-vviedieniie-K8uPO,657,man,grey,short,0,0,informal,1,0,0,0,0,0,0,medium,shaved,0,1,0,0,0
34,https://www.coursera.org/learn/portfelnyye-investitsii,4.6,https://www.coursera.org/lecture/portfelnyye-investitsii/vidieo-1-portfiel-aktivov-vyghody-portfiel-nogho-inviestirovaniia-0Jmz4,478,woman,blonde,long,0,0,formal,0,0,0,1,1,0,0,medium,none,1,0,1,1,0
35,https://www.coursera.org/learn/portfelnyye-investitsii,4.6,https://www.coursera.org/lecture/portfelnyye-investitsii/vidieo-1-vybor-inviestora-po-upravlieniiu-portfieliem-YG4au,794,woman,blonde,long,0,0,formal,0,0,0,1,0,0,0,high,none,1,0,1,1,0
36,https://www.coursera.org/learn/portfelnyye-investitsii,4.6,https://www.coursera.org/lecture/portfelnyye-investitsii/vidieo-1-miezhdunarodnaia-diviersifikatsiia-portfielia-tsiennykh-bumagh-4oxrw,597,man,grey,short,1,1,formal,0,0,0,1,0,0,0,high,shaved,0,0,0,0,0
37,https://www.coursera.org/learn/ekonomika-dlya-neekonomistov,4.9,https://www.coursera.org/lecture/ekonomika-dlya-neekonomistov/2-1-spros-i-vielichina-sprosa-QzGf2,890,man,black,short,1,0,informal,0,0,0,1,0,1,0,low,shaved,0,0,0,0,0
38,https://www.coursera.org/learn/ekonomika-dlya-neekonomistov,4.9,https://www.coursera.org/lecture/ekonomika-dlya-neekonomistov/3-1-oghranichieniia-modieli-sprosa-i-priedlozhieniia-A1Unq,596,man,black,short,1,0,informal,0,0,0,1,0,0,0,low,shaved,0,0,0,0,0
39,https://www.coursera.org/learn/ekonomika-dlya-neekonomistov,4.9,https://www.coursera.org/lecture/ekonomika-dlya-neekonomistov/4-1-drughaia-storona-sprosa-i-priedlozhieniia-firmy-v5Cwb,425,man,black,short,1,0,informal,0,0,0,1,0,0,0,low,shaved,0,0,0,0,0
40,https://www.coursera.org/learn/teoriya-smi,4.6,https://www.coursera.org/lecture/teoriya-smi/2-1-miedia-i-instituty-hyoZs,751,man,black,short,0,0,formal,0,0,0,1,0,0,1,medium,beard,0,1,0,0,0
41,https://www.coursera.org/learn/teoriya-smi,4.6,https://www.coursera.org/lecture/teoriya-smi/3-1-tsienzura-v-sriednieviekovoi-ievropie-Ug74z,359,man,black,short,0,0,formal,0,0,0,1,1,0,0,medium,beard,0,0,0,0,0
42,https://www.coursera.org/learn/teoriya-smi,4.6,https://www.coursera.org/lecture/teoriya-smi/4-1-zhanry-kommunikatsii-0AasU,647,man,black,short,0,0,formal,0,0,0,1,1,0,1,medium,beard,0,1,0,0,0
43,https://www.coursera.org/learn/business-strategies,4.8,https://www.coursera.org/lecture/business-strategies/course-introduction-YCdML,306,man,black,short,0,1,formal,0,0,0,1,0,0,1,low,shaved,0,0,0,0,0
44,https://www.coursera.org/learn/business-strategies,4.8,https://www.coursera.org/lecture/business-strategies/business-models-for-emerging-markets-TNuxH,524,man,black,short,0,1,formal,0,0,0,1,0,0,1,low,shaved,0,0,0,0,0
45,https://www.coursera.org/learn/business-strategies,4.8,https://www.coursera.org/lecture/business-strategies/tuning-competitive-capacity-aX67c,479,man,black,short,0,1,formal,0,0,0,1,0,0,1,low,shaved,0,0,0,0,0
46,https://www.coursera.org/learn/ekonometrika,4.9,https://www.coursera.org/lecture/ekonometrika/3-1-1-proghnozirovaniie-vo-mnozhiestviennoi-rieghriessii-PJZHv,486,man,brown,hairless,1,0,formal,0,0,0,1,1,0,0,medium,shaved,0,0,0,0,0
47,https://www.coursera.org/learn/ekonometrika,4.9,https://www.coursera.org/lecture/ekonometrika/4-1-1-opriedielieniie-mul-tikolliniearnosti-xHI93,669,man,brown,hairless,1,0,formal,0,0,0,1,1,0,0,medium,shaved,0,0,0,0,0
48,https://www.coursera.org/learn/ekonometrika,4.9,https://www.coursera.org/lecture/ekonometrika/5-1-1-gomoskiedastichnost-doska-dGYEC,638,man,brown,hairless,1,0,formal,1,0,0,1,0,0,1,low,shaved,0,0,0,0,0
49,https://www.coursera.org/learn/economy-russia-transition,4.7,https://www.coursera.org/lecture/economy-russia-transition/transition-set-up-starting-point-4DXOL,796,man,grey,short,0,0,formal,0,0,0,1,0,0,1,low,shaved,0,1,0,0,0
50,https://www.coursera.org/learn/economy-russia-transition,4.7,https://www.coursera.org/lecture/economy-russia-transition/price-liberalization-shock-therapy-8q5Wr,1052,man,grey,short,0,0,formal,0,0,0,1,0,0,1,low,shaved,0,1,0,0,0
51,https://www.coursera.org/learn/economy-russia-transition,4.7,https://www.coursera.org/lecture/economy-russia-transition/economic-transition-under-the-presidential-authority-and-the-new-pm-since-1993-BbbMM,577,man,grey,short,0,0,formal,0,0,0,1,0,0,1,low,shaved,0,1,0,0,0
52,https://www.coursera.org/learn/international-relations-theory,4.7,https://www.coursera.org/lecture/international-relations-theory/christian-roots-4XnNu,565,man,black,short,0,0,formal,0,0,0,1,1,0,0,medium,shaved,1,1,0,0,0
53,https://www.coursera.org/learn/international-relations-theory,4.7,https://www.coursera.org/lecture/international-relations-theory/the-new-science-emerges-DBo9f,714,man,black,short,0,0,formal,0,0,0,1,1,0,0,medium,shaved,1,1,0,0,0
54,https://www.coursera.org/learn/international-relations-theory,4.7,https://www.coursera.org/lecture/international-relations-theory/historic-context-the-cold-war-mLLUN,646,man,black,short,0,0,formal,0,0,0,1,1,0,0,medium,shaved,1,1,0,0,0
55,https://www.coursera.org/learn/vvedenie-mashinnoe-obuchenie,4.6,https://www.coursera.org/lecture/vvedenie-mashinnoe-obuchenie/rieshaiushchiie-dieriev-ia-kVz6T,491,man,grey,short,1,0,formal,0,1,0,0,1,0,0,low,shaved,0,1,0,0,0
56,https://www.coursera.org/learn/vvedenie-mashinnoe-obuchenie,4.6,https://www.coursera.org/lecture/vvedenie-mashinnoe-obuchenie/mietod-blizhaishikh-sosiediei-jCkvu,595,man,grey,short,1,0,formal,0,1,0,0,1,0,0,low,shaved,0,1,0,0,0
57,https://www.coursera.org/learn/vvedenie-mashinnoe-obuchenie,4.6,https://www.coursera.org/lecture/vvedenie-mashinnoe-obuchenie/mietod-stokhastichieskogho-ghradiienta-postanovka-zadachi-EHP63,363,man,grey,short,1,0,formal,0,1,0,0,0,0,0,low,shaved,0,1,0,0,0
58,https://www.coursera.org/learn/cennye-bumagi-pravovoe-regulirovanie,4.9,https://www.coursera.org/lecture/cennye-bumagi-pravovoe-regulirovanie/1-1-zachiem-nuzhny-tsiennyie-bumaghi-B3QK1,454,man,black,short,0,0,formal,0,0,0,1,0,0,0,high,shaved,0,1,0,0,0
59,https://www.coursera.org/learn/cennye-bumagi-pravovoe-regulirovanie,4.9,https://www.coursera.org/lecture/cennye-bumagi-pravovoe-regulirovanie/2-1-dokumientarnyie-i-biezdokumientarnyie-tsiennyie-bumaghi-apRif,472,man,black,short,1,0,formal,0,0,0,1,0,0,0,high,shaved,0,1,0,0,0
60,https://www.coursera.org/learn/cennye-bumagi-pravovoe-regulirovanie,4.9,https://www.coursera.org/lecture/cennye-bumagi-pravovoe-regulirovanie/3-1-vieksielia-WZa4x,324,man,black,short,0,0,formal,0,0,0,1,0,0,0,high,shaved,0,1,0,0,0
61,https://www.coursera.org/learn/latex,4.8,https://www.coursera.org/lecture/latex/vstavka-risunkov-i-tablits-vviedieniie-zIkow,640,man,black,short,0,0,formal,0,1,0,1,1,0,0,low,shaved,0,1,0,0,0
62,https://www.coursera.org/learn/latex,4.8,https://www.coursera.org/lecture/latex/obiekt-theorem-F8naj,687,man,black,short,0,0,formal,0,1,0,1,1,0,0,low,shaved,0,1,0,0,0
63,https://www.coursera.org/learn/latex,4.8,https://www.coursera.org/lecture/latex/ctandartnyi-podkhod-thebibliography-GBegm,938,man,black,short,0,0,formal,0,1,0,1,1,0,0,low,shaved,0,1,0,0,0
64,https://www.coursera.org/learn/algebra-lineynaya,4.5,https://www.coursera.org/lecture/algebra-lineynaya/2-1-chto-takoie-linieinaia-funktsiia-9Hcj6,360,woman,black,short,0,0,formal,0,0,0,1,0,0,1,low,none,0,0,0,0,0
65,https://www.coursera.org/learn/algebra-lineynaya,4.5,https://www.coursera.org/lecture/algebra-lineynaya/3-1-bazis-linieinogho-prostranstva-efllX,301,woman,black,short,0,0,formal,0,0,0,1,0,0,1,medium,none,0,0,0,0,0
66,https://www.coursera.org/learn/algebra-lineynaya,4.5,https://www.coursera.org/lecture/algebra-lineynaya/4-1-sistiemy-linieinykh-uravnienii-OhaV7,587,woman,black,short,0,0,formal,0,0,0,1,0,1,1,low,none,0,0,0,0,0
67,https://www.coursera.org/learn/mathematics-for-economists,4.5,https://www.coursera.org/lecture/mathematics-for-economists/2-1-differentiation-partial-differentiation-GIJhj,458,man,grey,short,1,0,formal,1,0,0,0,0,0,0,low,shaved,0,1,0,0,0
68,https://www.coursera.org/learn/mathematics-for-economists,4.5,https://www.coursera.org/lecture/mathematics-for-economists/3-1-implicit-functions-hVdXB,425,man,grey,short,1,0,formal,1,0,0,0,0,0,0,low,shaved,0,1,0,0,0
69,https://www.coursera.org/learn/mathematics-for-economists,4.5,https://www.coursera.org/lecture/mathematics-for-economists/4-1-introduction-in-optimization-foIfK,613,man,grey,short,1,0,formal,1,0,0,0,0,0,0,low,shaved,0,1,0,0,0
70,https://www.coursera.org/learn/intercultural-communication-russians,4.5,https://www.coursera.org/lecture/intercultural-communication-russians/1-1-introduction-to-the-course-sXcRm,829,woman,brown,short,1,0,formal,0,0,0,1,0,0,1,low,none,1,1,1,1,0
71,https://www.coursera.org/learn/intercultural-communication-russians,4.5,https://www.coursera.org/lecture/intercultural-communication-russians/2-1-metaphors-of-culture-cj9va,894,woman,brown,short,1,0,formal,0,0,0,1,0,0,1,medium,none,1,1,1,1,0
72,https://www.coursera.org/learn/intercultural-communication-russians,4.5,https://www.coursera.org/lecture/intercultural-communication-russians/3-1-construction-of-meaning-in-communication-WuVxg,786,woman,brown,short,0,0,formal,0,0,0,1,0,0,1,low,none,1,1,1,1,0
73,https://www.coursera.org/learn/ocenka-stoimosti-kompanii,4.4,https://www.coursera.org/lecture/ocenka-stoimosti-kompanii/1-1-o-spietsializatsii-korporativnyie-finansy-i-stoimost-kompanii-P6N11,633,woman,blonde,short,1,0,formal,0,0,0,1,1,0,0,low,none,1,0,1,1,0
74,https://www.coursera.org/learn/ocenka-stoimosti-kompanii,4.4,https://www.coursera.org/lecture/ocenka-stoimosti-kompanii/2-1-kak-primieniat-finansovyie-pokazatieli-dlia-izmierieniia-effiektivnosti-i-BMxHD,859,man,black,short,0,0,informal,0,0,0,1,1,0,0,low,beard,0,0,0,0,0
75,https://www.coursera.org/learn/ocenka-stoimosti-kompanii,4.4,https://www.coursera.org/lecture/ocenka-stoimosti-kompanii/3-1-kak-izmieriaietsia-balansovaia-stoimost-i-pribyl-J8aXM,627,man,black,short,0,0,informal,0,0,0,1,1,0,0,low,beard,0,0,0,0,0
76,https://www.coursera.org/learn/rechevoj-etiket,4.6,https://www.coursera.org/lecture/rechevoj-etiket/opriedielieniie-kliuchievykh-poniatii-o3hjr,322,man,grey,short,0,0,formal,0,0,0,1,0,0,1,low,beard,0,1,0,0,1
77,https://www.coursera.org/learn/rechevoj-etiket,4.6,https://www.coursera.org/lecture/rechevoj-etiket/postanovka-zadachi-i-tierminy-2z6jJ,288,man,grey,short,0,0,formal,0,0,0,1,0,0,1,medium,beard,0,1,0,0,1
78,https://www.coursera.org/learn/rechevoj-etiket,4.6,https://www.coursera.org/lecture/rechevoj-etiket/dialogh-o-privietstvii-i-proshchanii-dLOQZ,401,man,grey,short,0,0,formal,0,0,1,0,0,0,0,low,beard,0,1,0,0,0
79,https://www.coursera.org/learn/mikroekonomika,4.5,https://www.coursera.org/lecture/mikroekonomika/2-1-rynok-individual-nyi-spros-xueKq,596,man,black,short,0,0,formal,0,1,0,0,0,0,1,low,shaved,0,1,0,0,0
80,https://www.coursera.org/learn/mikroekonomika,4.5,https://www.coursera.org/lecture/mikroekonomika/3-1-zadacha-potriebitiel-skogho-vybora-osnovnyie-instrumienty-bldni,774,man,black,short,0,0,formal,0,1,0,0,0,0,0,medium,shaved,0,1,0,0,0
81,https://www.coursera.org/learn/mikroekonomika,4.5,https://www.coursera.org/lecture/mikroekonomika/4-1-proizvodstviennaia-funktsiia-qKTyc,709,man,black,short,0,0,formal,0,1,0,0,0,0,0,medium,shaved,0,1,0,0,0
82,https://www.coursera.org/learn/int-relations-history,None,https://www.coursera.org/lecture/int-relations-history/piervaia-mirovaia-voina-prichiny-YP2gj,846,man,grey,hairless,0,0,formal,0,0,0,1,0,0,1,low,beard,1,1,0,0,0
83,https://www.coursera.org/learn/int-relations-history,None,https://www.coursera.org/lecture/int-relations-history/transformatsiia-rossiiskoi-impierii-eMHMg,972,man,grey,hairless,0,0,formal,0,0,0,1,1,0,0,medium,beard,1,1,0,0,0
84,https://www.coursera.org/learn/int-relations-history,None,https://www.coursera.org/lecture/int-relations-history/mirovoi-ekonomichieskii-krizis-5TyBb,496,man,grey,hairless,0,0,formal,0,0,0,1,0,0,1,medium,beard,1,1,0,0,0
85,https://www.coursera.org/learn/vvedenie-v-mat-metody,4.9,https://www.coursera.org/lecture/vvedenie-v-mat-metody/osnovnaia-idieia-mietoda-pierievala-O7nGn,754,man,black,long,1,0,informal,1,0,0,0,0,0,0,low,beard,0,0,0,0,0
86,https://www.coursera.org/learn/vvedenie-v-mat-metody,4.9,https://www.coursera.org/lecture/vvedenie-v-mat-metody/intieghral-noie-priedstavlieniie-ghamma-funktsii-1-KNmuy,575,man,black,short,0,0,informal,1,0,0,0,1,0,0,low,shaved,0,1,0,0,0
87,https://www.coursera.org/learn/vvedenie-v-mat-metody,4.9,https://www.coursera.org/lecture/vvedenie-v-mat-metody/intieghral-naia-eksponienta-F2Nui,387,man,black,short,0,0,informal,1,0,0,0,1,0,0,low,shaved,0,1,0,0,0
88,https://www.coursera.org/learn/moscow-semantic-school,4.8,https://www.coursera.org/lecture/moscow-semantic-school/sistiemoobrazuiushchiie-smysly-0OzF6,827,woman,black,long,0,0,informal,0,0,0,1,1,0,0,low,none,0,0,0,1,0
89,https://www.coursera.org/learn/moscow-semantic-school,4.8,https://www.coursera.org/lecture/moscow-semantic-school/pravila-vzaimodieistviia-smyslov-1aMDd,669,woman,black,long,0,0,informal,0,0,0,1,0,0,0,low,none,0,0,0,1,0
90,https://www.coursera.org/learn/moscow-semantic-school,4.8,https://www.coursera.org/lecture/moscow-semantic-school/znachieniia-sochietaiemost-grammatichieskiie-svoistva-pR3Lx,770,woman,black,long,0,0,informal,0,0,0,1,1,0,0,medium,none,0,0,0,1,0
91,https://www.coursera.org/learn/stochasticprocesses,4.5,https://www.coursera.org/lecture/stochasticprocesses/week-2-1-definition-of-a-poisson-process-as-a-special-example-of-renewal-process-rwJEn,422,man,brown,short,0,0,formal,1,0,0,0,1,0,0,low,beard,1,1,0,0,0
92,https://www.coursera.org/learn/stochasticprocesses,4.5,https://www.coursera.org/lecture/stochasticprocesses/week-3-1-definition-of-a-markov-chain-some-examples-SxT6N,1036,man,brown,short,0,0,formal,1,0,0,0,1,0,0,low,beard,1,1,0,0,0
93,https://www.coursera.org/learn/stochasticprocesses,4.5,https://www.coursera.org/lecture/stochasticprocesses/week-4-1-random-vector-definition-and-main-properties-6Vt0M,336,man,brown,short,0,0,formal,1,0,0,0,1,0,0,low,beard,1,1,0,0,0
94,https://www.coursera.org/learn/what-is-a-proof,4.4,https://www.coursera.org/lecture/what-is-a-proof/magic-squares-Zp7dt,206,man,grey,short,1,0,informal,0,0,0,0,0,0,0,medium,beard,0,1,0,0,0
95,https://www.coursera.org/learn/what-is-a-proof,4.4,https://www.coursera.org/lecture/what-is-a-proof/recursion-NKW7a,585,man,brown,short,1,0,informal,0,0,0,0,1,0,0,high,shaved,0,0,0,0,0
96,https://www.coursera.org/learn/what-is-a-proof,4.4,https://www.coursera.org/lecture/what-is-a-proof/examples-a4e2d,403,man,black,short,0,0,informal,0,0,0,0,0,0,0,high,shaved,0,0,0,0,0
97,https://www.coursera.org/learn/intro-to-deep-learning,4.6,https://www.coursera.org/lecture/intro-to-deep-learning/multilayer-perceptron-mlp-yy1NV,755,man,black,short,0,0,informal,0,0,0,1,0,0,0,high,shaved,0,1,0,0,0
98,https://www.coursera.org/learn/intro-to-deep-learning,4.6,https://www.coursera.org/lecture/intro-to-deep-learning/motivation-for-convolutional-layers-YZnOW,674,man,black,short,0,0,informal,0,0,0,1,1,0,0,medium,shaved,0,0,0,0,0
99,https://www.coursera.org/learn/intro-to-deep-learning,4.6,https://www.coursera.org/lecture/intro-to-deep-learning/unsupervised-learning-what-it-is-and-why-bother-ocYfY,357,man,black,long,0,0,informal,0,0,0,1,0,0,0,medium,beard,0,0,0,0,0
100,https://www.coursera.org/learn/data-structures,4.7,https://www.coursera.org/lecture/data-structures/dynamic-arrays-EwbnV,513,man,black,short,0,0,informal,0,0,0,1,1,0,0,medium,shaved,0,1,0,0,0
101,https://www.coursera.org/learn/data-structures,4.7,https://www.coursera.org/lecture/data-structures/introduction-2OpTs,367,man,brown,short,1,0,informal,0,0,0,1,1,0,0,medium,shaved,1,0,0,0,0
102,https://www.coursera.org/learn/data-structures,4.7,https://www.coursera.org/lecture/data-structures/applications-of-hashing-e4vuN,157,man,black,short,0,0,informal,0,0,0,1,1,0,0,low,shaved,1,0,0,0,0
103,https://www.coursera.org/learn/digital-marketing-strategy,4.6,https://www.coursera.org/lecture/digital-marketing-strategy/osnovnyie-vidy-vieb-saitov-liendingh-DEvdi,699,man,black,short,0,0,formal,0,0,0,1,0,0,0,high,beard,1,1,0,0,0
104,https://www.coursera.org/learn/digital-marketing-strategy,4.6,https://www.coursera.org/lecture/digital-marketing-strategy/tierminologhiia-banniernoi-rieklamy-tsienoobrazovaniie-v-rieklamie-mmwe9,775,woman,black,short,1,0,formal,0,0,0,1,1,0,0,high,none,1,0,0,0,0
105,https://www.coursera.org/learn/digital-marketing-strategy,4.6,https://www.coursera.org/lecture/digital-marketing-strategy/vviedieniie-v-web-analitiku-asKRx,240,man,black,short,0,0,informal,0,0,0,1,1,0,0,low,beard,0,0,0,0,0
106,https://www.coursera.org/learn/upravlenie-lichnymi-finansami,4.8,https://www.coursera.org/lecture/upravlenie-lichnymi-finansami/1-1-lichnoie-finansovoie-planirovaniie-R6y5T,590,man,blonde,short,1,1,formal,0,0,0,1,1,0,0,medium,beard,0,0,0,0,0
107,https://www.coursera.org/learn/upravlenie-lichnymi-finansami,4.8,https://www.coursera.org/lecture/upravlenie-lichnymi-finansami/2-1-inviestitsii-v-triekh-izmierieniiakh-CXWbg,727,man,blonde,short,1,1,formal,0,0,0,1,1,0,0,medium,beard,0,0,0,0,0
108,https://www.coursera.org/learn/upravlenie-lichnymi-finansami,4.8,https://www.coursera.org/lecture/upravlenie-lichnymi-finansami/3-1-sushchnost-fundamiental-nogho-analiza-BPb2Y,701,man,blonde,short,1,1,formal,0,0,0,1,1,0,0,high,beard,0,0,0,0,0
109,https://www.coursera.org/learn/discrete-math-and-analyzing-social-graphs,4.7,https://www.coursera.org/lecture/discrete-math-and-analyzing-social-graphs/pascals-triangle-hHaiH,479,man,brown,short,0,0,informal,0,0,0,1,0,0,0,medium,shaved,0,0,0,0,0
110,https://www.coursera.org/learn/discrete-math-and-analyzing-social-graphs,4.7,https://www.coursera.org/lecture/discrete-math-and-analyzing-social-graphs/random-experiments-outcomes-and-events-2lMMS,735,man,black,long,0,0,formal,0,0,0,0,0,0,0,medium,beard,0,1,0,0,0
111,https://www.coursera.org/learn/discrete-math-and-analyzing-social-graphs,4.7,https://www.coursera.org/lecture/discrete-math-and-analyzing-social-graphs/the-notion-of-graph-Ym9lm,191,man,black,long,0,0,formal,0,0,0,1,0,0,1,low,beard,0,1,0,0,0
112,https://www.coursera.org/learn/finansovye-rynki,4.9,https://www.coursera.org/lecture/finansovye-rynki/2-1-formy-proiavlieniia-ghlobalizatsii-Ce4S2,1029,man,blonde,short,1,1,formal,0,0,0,1,1,0,0,medium,beard,0,0,0,0,0
113,https://www.coursera.org/learn/finansovye-rynki,4.9,https://www.coursera.org/lecture/finansovye-rynki/3-1-priniatiie-finansovykh-rieshienii-v-usloviiakh-nieopriedieliennosti-c4TU9,962,man,blonde,short,1,1,formal,0,0,0,1,1,0,0,medium,beard,0,0,0,0,0
114,https://www.coursera.org/learn/finansovye-rynki,4.9,https://www.coursera.org/lecture/finansovye-rynki/4-1-struktura-rynka-dolghovogho-kapitala-QiMYi,699,man,blonde,short,1,1,formal,0,0,0,1,1,0,0,medium,beard,0,0,0,0,0
115,https://www.coursera.org/learn/mobile-interaction-design,4.8,https://www.coursera.org/lecture/mobile-interaction-design/why-do-we-conduct-research-dAm7Q,759,man,black,short,0,0,informal,0,0,0,1,1,0,0,medium,beard,1,0,0,0,0
116,https://www.coursera.org/learn/mobile-interaction-design,4.8,https://www.coursera.org/lecture/mobile-interaction-design/classification-and-overview-of-usability-evaluation-methods-part-1-TnilO,645,man,black,short,0,0,informal,0,0,0,1,1,0,0,medium,beard,1,0,0,0,0
117,https://www.coursera.org/learn/mobile-interaction-design,4.8,https://www.coursera.org/lecture/mobile-interaction-design/field-research-an-introduction-KsAxM,893,man,black,short,0,0,informal,0,0,0,1,1,0,0,low,beard,1,0,0,0,0
118,https://www.coursera.org/learn/osnovy-korporativnykh-finansov,4.9,https://www.coursera.org/lecture/osnovy-korporativnykh-finansov/3-1-nieopriedieliennost-i-risk-C8Kzk,624,man,black,short,0,0,formal,0,0,0,1,0,0,0,low,shaved,0,1,0,0,0
119,https://www.coursera.org/learn/osnovy-korporativnykh-finansov,4.9,https://www.coursera.org/lecture/osnovy-korporativnykh-finansov/4-1-ispol-zovaniie-modieli-sarm-dlia-opriedielieniia-triebuiemoi-dokhodnosti-LxcoD,989,man,black,short,0,1,formal,0,0,0,1,0,0,0,medium,shaved,0,0,0,0,0
120,https://www.coursera.org/learn/osnovy-korporativnykh-finansov,4.9,https://www.coursera.org/lecture/osnovy-korporativnykh-finansov/2-1-inviestitsiia-kak-dieniezhnyi-potok-G43zC,461,man,black,short,0,1,formal,0,0,0,1,0,0,1,medium,shaved,0,0,0,0,0
121,https://www.coursera.org/learn/smart-analytics-education,None,https://www.coursera.org/lecture/smart-analytics-education/shiest-istorii-ob-upravlienii-navieiannykh-ori-brafmanom-i-rodom-biekstriemom-FHm1Q,940,man,brown,long,1,0,formal,0,0,0,1,0,0,1,medium,shaved,0,0,0,0,0
122,https://www.coursera.org/learn/smart-analytics-education,None,https://www.coursera.org/lecture/smart-analytics-education/chto-takoie-analitika-kvV4v,599,woman,black,short,1,0,formal,0,0,0,1,1,0,0,medium,none,0,0,0,0,0
123,https://www.coursera.org/learn/smart-analytics-education,None,https://www.coursera.org/lecture/smart-analytics-education/chto-takoie-dannyie-tipy-i-istochniki-dannykh-ob-obrazovanii-BHEmu,407,man,black,long,1,0,formal,0,0,0,1,1,0,0,medium,beard,0,1,0,0,0
124,https://www.coursera.org/learn/psikhologiya-kommunikacii,4.6,https://www.coursera.org/lecture/psikhologiya-kommunikacii/liektsiia-1-zLgvW,882,woman,brown,short,0,0,formal,0,0,0,1,1,0,0,medium,none,0,0,0,0,0
125,https://www.coursera.org/learn/psikhologiya-kommunikacii,4.6,https://www.coursera.org/lecture/psikhologiya-kommunikacii/liektsiia-1-PQoR2,536,woman,brown,short,0,0,formal,0,0,0,1,0,0,0,high,none,0,0,0,0,0
126,https://www.coursera.org/learn/psikhologiya-kommunikacii,4.6,https://www.coursera.org/lecture/psikhologiya-kommunikacii/liektsiia-1-BCuqA,593,woman,black,long,0,0,formal,0,0,0,1,1,0,0,low,none,0,0,1,1,0
127,https://www.coursera.org/learn/practical-rl,4.1,https://www.coursera.org/lecture/practical-rl/reward-design-e5sNr,944,man,black,short,0,0,informal,0,0,0,1,1,0,0,low,beard,0,1,0,0,0
128,https://www.coursera.org/learn/practical-rl,4.1,https://www.coursera.org/lecture/practical-rl/model-based-vs-model-free-MnfUn,501,man,brown,long,0,0,informal,0,0,0,1,0,0,0,medium,beard,0,0,0,0,0
129,https://www.coursera.org/learn/practical-rl,4.1,https://www.coursera.org/lecture/practical-rl/supervised-reinforcement-learning-T40Ro,1021,man,black,short,0,0,informal,0,0,0,1,1,0,0,low,beard,0,0,0,0,0
130,https://www.coursera.org/learn/general-relativity,4.6,https://www.coursera.org/lecture/general-relativity/tensors-cPorh,541,man,black,short,1,0,formal,1,0,0,0,0,0,0,medium,shaved,0,1,0,0,0
131,https://www.coursera.org/learn/general-relativity,4.6,https://www.coursera.org/lecture/general-relativity/einstein-hilbert-action-dNuLj,593,man,black,short,1,0,formal,1,0,0,0,0,0,0,high,shaved,0,1,0,0,0
132,https://www.coursera.org/learn/general-relativity,4.6,https://www.coursera.org/lecture/general-relativity/schwarzschild-solution-USmSZ,710,man,black,short,1,0,formal,1,0,0,0,0,0,0,medium,shaved,0,1,0,0,0
133,https://www.coursera.org/learn/investicii-obligacii,4.4,https://www.coursera.org/lecture/investicii-obligacii/opriedielieniie-oblighatsii-osnovnyie-paramietry-oblighatsii-M5EYK,490,man,grey,short,1,1,formal,0,0,0,1,0,0,1,medium,shaved,0,0,0,0,0
134,https://www.coursera.org/learn/investicii-obligacii,4.4,https://www.coursera.org/lecture/investicii-obligacii/raschiet-stoimosti-oblighatsii-chieriez-dieniezhnyie-potoki-DAPXu,698,man,grey,short,1,1,formal,0,0,0,1,0,0,0,high,shaved,0,0,0,0,0
135,https://www.coursera.org/learn/investicii-obligacii,4.4,https://www.coursera.org/lecture/investicii-obligacii/privliekatiel-nost-inviestirovaniia-v-oblighatsii-7HEK9,750,man,grey,short,1,1,formal,0,0,0,1,0,0,0,medium,shaved,0,0,0,0,0
136,https://www.coursera.org/learn/kontextnaya-reklama-google-adwords,4.6,https://www.coursera.org/lecture/kontextnaya-reklama-google-adwords/vviedieniie-v-google-adwords-qhJZH,233,man,black,short,0,0,formal,0,0,0,1,1,0,0,low,beard,0,1,0,0,0
137,https://www.coursera.org/learn/kontextnaya-reklama-google-adwords,4.6,https://www.coursera.org/lecture/kontextnaya-reklama-google-adwords/vviedieniie-v-kontiekstno-miediinuiu-siet-GfA55,273,man,brown,short,1,0,formal,0,0,0,1,1,0,0,low,beard,1,1,0,0,0
138,https://www.coursera.org/learn/kontextnaya-reklama-google-adwords,4.6,https://www.coursera.org/lecture/kontextnaya-reklama-google-adwords/vviedieniie-v-mobil-nuiu-rieklamu-pAepm,663,woman,brown,long,1,0,formal,0,0,0,1,1,0,0,low,none,0,1,1,0,0
139,https://www.coursera.org/learn/calculus-and-optimization-for-machine-learning,4.4,https://www.coursera.org/lecture/calculus-and-optimization-for-machine-learning/introduction-to-the-week-jfx9k,302,man,black,short,1,0,informal,0,0,1,0,0,0,0,high,beard,0,1,0,0,0
140,https://www.coursera.org/learn/calculus-and-optimization-for-machine-learning,4.4,https://www.coursera.org/lecture/calculus-and-optimization-for-machine-learning/introduction-to-the-week-0nvvZ,152,man,black,short,1,0,informal,0,0,1,0,0,0,0,high,beard,0,1,0,0,0
141,https://www.coursera.org/learn/institutional-economics,4.8,https://www.coursera.org/lecture/institutional-economics/poniatiie-instituta-Ls646,660,woman,black,short,0,0,informal,0,0,0,1,1,0,0,low,none,0,0,0,0,0
142,https://www.coursera.org/learn/institutional-economics,4.8,https://www.coursera.org/lecture/institutional-economics/vviedieniie-05JBy,540,woman,black,short,0,0,informal,0,0,0,1,1,0,0,low,none,0,0,0,0,0
143,https://www.coursera.org/learn/institutional-economics,4.8,https://www.coursera.org/lecture/institutional-economics/sobstviennost-obshchiegho-dostupa-6sqLS,819,woman,black,short,0,0,informal,0,0,0,1,1,0,0,low,none,0,0,0,0,0
144,https://www.coursera.org/learn/communicationtheory-academia-practice,4.7,https://www.coursera.org/lecture/communicationtheory-academia-practice/defining-interpersonal-communication-4v06W,434,woman,brown,short,0,0,formal,0,0,0,1,1,0,0,low,none,0,0,1,1,0
145,https://www.coursera.org/learn/communicationtheory-academia-practice,4.7,https://www.coursera.org/lecture/communicationtheory-academia-practice/defining-group-communication-cfBU3,731,woman,brown,short,0,0,formal,0,0,0,1,1,0,0,low,none,0,0,1,0,0
146,https://www.coursera.org/learn/communicationtheory-academia-practice,4.7,https://www.coursera.org/lecture/communicationtheory-academia-practice/introduction-to-rhetoric-UtILK,878,woman,brown,long,0,0,formal,0,0,0,1,0,0,0,high,none,0,0,1,0,0
147,https://www.coursera.org/learn/lexical-semantic-typology,4.5,https://www.coursera.org/lecture/lexical-semantic-typology/introduction-yMOOa,460,woman,blonde,long,0,0,formal,0,0,0,1,1,0,1,medium,none,0,0,1,1,0
148,https://www.coursera.org/learn/lexical-semantic-typology,4.5,https://www.coursera.org/lecture/lexical-semantic-typology/typology-of-verbs-of-motion-O0nuJ,539,woman,blonde,long,0,0,formal,0,0,0,1,0,0,0,high,none,0,0,1,1,1
149,https://www.coursera.org/learn/lexical-semantic-typology,4.5,https://www.coursera.org/lecture/lexical-semantic-typology/introduction-QzbO5,679,woman,blonde,long,0,0,formal,0,0,0,1,1,0,0,medium,none,0,1,1,1,0
150,https://www.coursera.org/learn/investicii-akcii,3.9,https://www.coursera.org/lecture/investicii-akcii/vidieo-1-aktsii-i-al-tiernativnyie-varianty-inviestirovaniia-dlia-chastnogho-f4d54,857,woman,blonde,long,0,0,formal,0,0,0,1,1,0,0,medium,none,0,0,1,1,0
151,https://www.coursera.org/learn/investicii-akcii,3.9,https://www.coursera.org/lecture/investicii-akcii/vidieo-1-stili-inviestirovaniia-na-fondovom-rynkie-i-short-i-longh-pozitsii-aUTWh,588,woman,blonde,long,0,0,formal,0,0,0,1,1,0,0,medium,none,0,0,1,1,0
152,https://www.coursera.org/learn/investicii-akcii,3.9,https://www.coursera.org/lecture/investicii-akcii/vidieo-1-pierieotsieniennyie-i-niedootsieniennyie-kompanii-na-rynkie-pochiemu-yqCIT,681,woman,blonde,long,0,0,formal,0,0,0,1,1,0,0,medium,none,0,0,1,0,0
153,https://www.coursera.org/learn/deep-learning-in-computer-vision,3.8,https://www.coursera.org/lecture/deep-learning-in-computer-vision/recap-image-classification-VO9K7,505,man,black,short,0,0,formal,0,0,0,1,0,0,0,medium,shaved,0,1,0,0,0
154,https://www.coursera.org/learn/deep-learning-in-computer-vision,3.8,https://www.coursera.org/lecture/deep-learning-in-computer-vision/object-detection-problem-tvLPq,375,man,black,short,1,0,informal,0,0,0,1,0,0,0,medium,shaved,0,0,0,0,0
155,https://www.coursera.org/learn/deep-learning-in-computer-vision,3.8,https://www.coursera.org/lecture/deep-learning-in-computer-vision/introduction-to-video-analysis-alApg,219,man,black,short,1,0,informal,0,0,0,1,0,0,0,low,shaved,0,0,0,0,0
156,https://www.coursera.org/learn/algorithms-on-strings,4.5,https://www.coursera.org/lecture/algorithms-on-strings/burrows-wheeler-transform-GAA6S,276,man,brown,short,1,0,formal,0,0,0,1,0,0,0,medium,beard,0,1,0,0,0
157,https://www.coursera.org/learn/algorithms-on-strings,4.5,https://www.coursera.org/lecture/algorithms-on-strings/exact-pattern-matching-6lJvz,560,man,black,short,0,0,informal,0,0,0,1,1,0,0,low,shaved,0,0,0,0,0
158,https://www.coursera.org/learn/algorithms-on-strings,4.5,https://www.coursera.org/lecture/algorithms-on-strings/suffix-array-F8p6U,410,man,black,short,0,0,informal,0,0,0,1,1,0,0,medium,shaved,0,0,0,0,0
159,https://www.coursera.org/learn/metody-i-sredstva-zashity-informacii,4.7,https://www.coursera.org/lecture/metody-i-sredstva-zashity-informacii/orghanizatsiia-zashchity-informatsii-zi-uJF1a,642,man,brown,short,1,1,formal,0,0,0,1,1,0,0,low,shaved,0,0,0,0,0
160,https://www.coursera.org/learn/metody-i-sredstva-zashity-informacii,4.7,https://www.coursera.org/lecture/metody-i-sredstva-zashity-informacii/zakonodatiel-nyie-miery-zashchity-informatsii-NrMPL,478,man,brown,short,1,1,formal,0,0,0,1,1,0,0,low,shaved,0,0,0,0,0
161,https://www.coursera.org/learn/metody-i-sredstva-zashity-informacii,4.7,https://www.coursera.org/lecture/metody-i-sredstva-zashity-informacii/osnovnyie-poniatiia-kontrolia-dostupa-subiektov-pfMog,596,man,brown,short,1,1,formal,0,0,0,1,1,0,0,low,shaved,0,0,0,0,0
162,https://www.coursera.org/learn/authorschools,None,https://www.coursera.org/lecture/authorschools/obsuzhdieniie-tiemy-niedieli-sqSW6,294,man,grey,short,0,0,formal,0,0,0,1,1,0,1,medium,shaved,0,1,0,0,0
163,https://www.coursera.org/learn/authorschools,None,https://www.coursera.org/lecture/authorschools/obsuzhdieniie-tiemy-niedieli-yMLOu,352,man,grey,short,0,0,formal,0,0,0,1,1,0,0,medium,shaved,0,1,0,0,0
164,https://www.coursera.org/learn/authorschools,None,https://www.coursera.org/lecture/authorschools/obsuzhdieniie-tiemy-niedieli-KmBIP,321,man,grey,short,0,0,formal,0,0,0,1,1,0,0,medium,shaved,0,1,0,0,0
165,https://www.coursera.org/learn/industrial-organization,4.9,https://www.coursera.org/lecture/industrial-organization/1-games-and-strategic-decisions-2c52l,601,man,black,short,0,0,formal,0,0,0,1,1,0,0,high,shaved,0,1,0,0,0
166,https://www.coursera.org/learn/industrial-organization,4.9,https://www.coursera.org/lecture/industrial-organization/1-introduction-to-competition-lDJ5i,417,man,black,short,0,0,formal,0,0,0,1,1,0,0,high,shaved,0,1,0,0,0
167,https://www.coursera.org/learn/industrial-organization,4.9,https://www.coursera.org/lecture/industrial-organization/1-repeated-interaction-5YkrH,527,man,black,short,0,0,formal,0,0,0,1,1,0,0,high,shaved,0,1,0,0,0
168,https://www.coursera.org/learn/first-steps-in-linear-algebra-for-machine-learning,4.1,https://www.coursera.org/lecture/first-steps-in-linear-algebra-for-machine-learning/coordinates-and-basis-m65UG,743,man,black,short,1,0,formal,0,0,0,1,0,0,1,medium,beard,0,1,0,0,0
169,https://www.coursera.org/learn/first-steps-in-linear-algebra-for-machine-learning,4.1,https://www.coursera.org/lecture/first-steps-in-linear-algebra-for-machine-learning/overview-of-the-second-week-O3Guz,110,man,brown,short,0,0,formal,0,0,0,1,0,0,0,low,shaved,0,0,0,0,0
170,https://www.coursera.org/learn/sociologiya-media,3.8,https://www.coursera.org/lecture/sociologiya-media/sistiemnyi-podkhod-k-izuchieniiu-miediasfiery-LnNcF,438,man,grey,short,0,0,formal,0,0,0,1,1,0,1,low,beard,0,0,0,0,0
171,https://www.coursera.org/learn/sociologiya-media,3.8,https://www.coursera.org/lecture/sociologiya-media/sotsial-nyie-funktsii-obshchiie-sviedieniia-HL2Nn,492,man,grey,short,0,0,formal,0,0,0,1,1,0,0,low,beard,0,0,0,0,0
172,https://www.coursera.org/learn/sociologiya-media,3.8,https://www.coursera.org/lecture/sociologiya-media/miedia-kak-sotsial-nyi-institut-analiz-miediasistiem-i-miediarynkov-eiBmb,701,man,black,short,0,0,formal,0,0,0,1,0,0,0,medium,beard,0,1,0,0,0
173,https://www.coursera.org/learn/ekonomicheskaya-sociologiya,4.9,https://www.coursera.org/lecture/ekonomicheskaya-sociologiya/chto-takoie-ekonomika-nOnEF,522,man,brown,short,1,0,formal,0,0,0,1,0,0,1,medium,shaved,0,1,0,0,0
174,https://www.coursera.org/learn/ekonomicheskaya-sociologiya,4.9,https://www.coursera.org/lecture/ekonomicheskaya-sociologiya/chto-liezhit-v-osnovie-motivatsii-chielovieka-ekonomichieskogho-tSGKA,684,man,brown,short,1,0,formal,0,0,0,1,0,0,1,medium,shaved,0,1,0,0,0
175,https://www.coursera.org/learn/ekonomicheskaya-sociologiya,4.9,https://www.coursera.org/lecture/ekonomicheskaya-sociologiya/obshchieie-poniatiie-priedprinimatiel-stva-wvbUx,781,man,brown,short,0,0,formal,0,0,0,1,0,0,1,medium,shaved,0,1,0,0,0
176,https://www.coursera.org/learn/law-invest-ideas,4.7,https://www.coursera.org/lecture/law-invest-ideas/pif-v-rossii-i-mirie-b7Quc,242,woman,black,long,1,0,formal,0,0,0,1,1,0,0,low,none,0,0,1,0,0
177,https://www.coursera.org/learn/law-invest-ideas,4.7,https://www.coursera.org/lecture/law-invest-ideas/opriedielieniie-i-osnovnyie-osobiennosti-aifa-fbxbh,281,woman,black,long,0,0,formal,0,0,0,1,1,0,0,low,none,0,0,1,0,0
178,https://www.coursera.org/learn/law-invest-ideas,4.7,https://www.coursera.org/lecture/law-invest-ideas/inviestitsionnyie-upravliaiushchiie-4zki8,465,man,black,short,0,0,informal,0,0,0,1,0,0,1,low,shaved,0,1,0,0,0
179,https://www.coursera.org/learn/cultural-creative-industries,3.8,https://www.coursera.org/lecture/cultural-creative-industries/risk-value-and-demand-for-cultural-products-7ZHJJ,740,man,black,short,0,0,formal,0,0,0,1,1,0,0,high,shaved,0,1,0,0,0
180,https://www.coursera.org/learn/cultural-creative-industries,3.8,https://www.coursera.org/lecture/cultural-creative-industries/what-is-reproducibility-in-media-N06zW,298,man,black,short,0,0,formal,0,0,0,1,0,0,0,high,shaved,0,1,0,0,0
181,https://www.coursera.org/learn/cultural-creative-industries,3.8,https://www.coursera.org/lecture/cultural-creative-industries/diversification-of-channels-eZZBr,332,man,black,short,0,0,formal,0,0,0,1,0,0,0,high,shaved,0,1,0,0,0
182,https://www.coursera.org/learn/galois,4.3,https://www.coursera.org/lecture/galois/1-1-field-extensions-examples-G8z9R,864,woman,black,long,0,0,formal,0,0,1,0,0,0,0,low,none,0,0,0,0,0
183,https://www.coursera.org/learn/galois,4.3,https://www.coursera.org/lecture/galois/2-1-stem-field-some-irreducibility-criteria-O7lYD,800,woman,black,long,0,0,formal,0,0,1,0,0,0,0,low,none,0,0,0,0,0
184,https://www.coursera.org/learn/galois,4.3,https://www.coursera.org/lecture/galois/3-1-an-example-of-extension-finite-fields-XyyGP,757,woman,black,long,0,0,formal,0,0,1,0,0,0,0,low,none,0,0,0,0,0
185,https://www.coursera.org/learn/stalinism,4.7,https://www.coursera.org/lecture/stalinism/2-4-1-bloody-sunday-and-the-17th-october-manifesto-e8RVz,787,woman,black,short,1,0,formal,0,0,0,1,0,0,1,low,none,0,0,0,1,0
186,https://www.coursera.org/learn/stalinism,4.7,https://www.coursera.org/lecture/stalinism/3-7-1-the-first-steps-of-soviet-power-5DsYL,597,woman,black,short,1,0,formal,0,0,0,1,0,0,1,low,none,0,0,0,1,0
187,https://www.coursera.org/learn/stalinism,4.7,https://www.coursera.org/lecture/stalinism/4-9-1-stalins-abrupt-turn-to-collectivisation-puXI5,614,woman,black,short,1,0,formal,0,0,0,1,0,0,1,medium,none,0,0,0,1,0
188,https://www.coursera.org/learn/formal-concept-analysis,4.8,https://www.coursera.org/lecture/formal-concept-analysis/the-partial-order-on-concepts-7QidV,669,man,black,short,0,0,informal,1,0,0,0,0,1,1,medium,shaved,0,0,0,0,0
189,https://www.coursera.org/learn/formal-concept-analysis,4.8,https://www.coursera.org/lecture/formal-concept-analysis/finding-the-concepts-LE5SB,747,man,black,short,0,0,informal,1,0,0,0,0,1,0,medium,shaved,0,0,0,0,0
190,https://www.coursera.org/learn/formal-concept-analysis,4.8,https://www.coursera.org/lecture/formal-concept-analysis/redundancy-in-implications-eQkWJ,423,man,black,short,0,0,informal,1,0,0,0,0,0,1,low,shaved,0,0,0,0,0
191,https://www.coursera.org/learn/public-economics,4.5,https://www.coursera.org/lecture/public-economics/1-1-markets-and-governments-CNb32,747,man,black,short,0,0,formal,0,1,1,0,0,0,0,low,shaved,1,1,0,0,0
192,https://www.coursera.org/learn/public-economics,4.5,https://www.coursera.org/lecture/public-economics/2-1-government-design-Gmclm,887,man,black,short,0,0,formal,0,1,1,0,0,0,0,low,shaved,1,1,0,0,0
193,https://www.coursera.org/learn/public-economics,4.5,https://www.coursera.org/lecture/public-economics/3-1-scope-of-government-objectives-and-restrictions-KD8Ac,325,man,black,short,0,0,formal,0,1,1,0,0,0,0,low,shaved,1,1,0,0,0
194,https://www.coursera.org/learn/probability-theory-statistics,4.0,https://www.coursera.org/lecture/probability-theory-statistics/introduction-to-the-2nd-week-0hH3F,346,man,black,long,0,0,formal,0,0,0,1,0,0,0,medium,beard,0,1,0,0,0
195,https://www.coursera.org/learn/probability-theory-statistics,4.0,https://www.coursera.org/lecture/probability-theory-statistics/introduction-to-the-3rd-week-C3h65,343,man,black,long,0,0,formal,0,0,0,1,0,0,0,medium,beard,0,1,0,0,0
196,https://www.coursera.org/learn/probability-theory-statistics,4.0,https://www.coursera.org/lecture/probability-theory-statistics/introduction-to-the-4th-week-Jdcme,232,man,black,long,0,0,formal,0,0,0,1,0,0,0,medium,beard,0,1,0,0,0
197,https://www.coursera.org/learn/religions-society-china,4.5,https://www.coursera.org/lecture/religions-society-china/taoism-introduction-PVRdz,631,man,black,short,1,0,formal,0,0,0,1,0,0,0,medium,shaved,1,1,0,0,0
198,https://www.coursera.org/learn/religions-society-china,4.5,https://www.coursera.org/lecture/religions-society-china/taoism-and-the-idea-of-immortality-g01Cx,715,man,black,short,1,0,formal,0,0,0,1,0,0,0,medium,shaved,0,1,0,0,0
199,https://www.coursera.org/learn/religions-society-china,4.5,https://www.coursera.org/lecture/religions-society-china/confucianism-introduction-YTl1l,718,man,black,short,1,0,formal,0,0,0,1,1,0,0,medium,shaved,0,1,0,0,0
200,https://www.coursera.org/learn/klientskaya-basa-vkhodyaschii-marketing,4.7,https://www.coursera.org/lecture/klientskaya-basa-vkhodyaschii-marketing/obshchii-podkhod-k-sotsial-nym-sietiam-4anvi,827,man,black,long,0,0,formal,0,0,0,1,1,0,0,high,beard,0,1,0,0,0
201,https://www.coursera.org/learn/klientskaya-basa-vkhodyaschii-marketing,4.7,https://www.coursera.org/lecture/klientskaya-basa-vkhodyaschii-marketing/obshchii-podkhod-k-kontient-markietinghu-TFUXW,486,man,black,long,0,0,formal,0,0,0,1,1,0,0,medium,beard,0,1,0,0,0
202,https://www.coursera.org/learn/klientskaya-basa-vkhodyaschii-marketing,4.7,https://www.coursera.org/lecture/klientskaya-basa-vkhodyaschii-marketing/crm-stratieghiia-v-sistiemie-razvitiia-bizniesa-G62JR,360,woman,brown,short,0,0,formal,0,0,0,1,0,0,0,medium,none,0,1,1,0,0
203,https://www.coursera.org/learn/infrastruktura-rynka,4.3,https://www.coursera.org/lecture/infrastruktura-rynka/1-1-1-vzaimodieistviie-inviestora-s-brokierom-brokierskiie-uslughi-i-ikh-tsiena-vVNpO,613,man,grey,hairless,1,0,informal,0,0,0,1,1,0,0,low,beard,0,1,0,0,0
204,https://www.coursera.org/learn/infrastruktura-rynka,4.3,https://www.coursera.org/lecture/infrastruktura-rynka/2-1prikazy-na-pokupku-i-prodazhu-ikh-vidy-i-osobiennosti-BW8a2,762,man,grey,hairless,1,0,informal,0,0,0,1,1,0,0,low,beard,0,1,0,0,0
205,https://www.coursera.org/learn/infrastruktura-rynka,4.3,https://www.coursera.org/lecture/infrastruktura-rynka/3-1-1-inviestitsionnyie-stratieghii-osnovannyie-na-sliedovanii-za-triendom-yQZrP,711,man,grey,hairless,1,0,informal,0,0,0,1,1,0,0,low,beard,0,1,0,0,0
206,https://www.coursera.org/learn/sliyaniye-pogloshcheniye,4.7,https://www.coursera.org/lecture/sliyaniye-pogloshcheniye/2-1-probliema-vybora-iz-nieskol-kikh-inviestitsionnykh-al-tiernativ-VOwmV,565,man,black,short,0,1,formal,0,0,0,1,0,0,1,low,shaved,0,0,0,0,0
207,https://www.coursera.org/learn/sliyaniye-pogloshcheniye,4.7,https://www.coursera.org/lecture/sliyaniye-pogloshcheniye/3-1-niedostatki-traditsionnykh-pravil-vybora-inviestitsionnykh-proiektov-UzvJ5,1161,man,black,short,0,1,formal,0,0,0,1,0,0,1,low,shaved,0,0,0,0,1
208,https://www.coursera.org/learn/sliyaniye-pogloshcheniye,4.7,https://www.coursera.org/lecture/sliyaniye-pogloshcheniye/4-1-vviedieniie-opriedielieniie-sdielok-sliianii-i-poghloshchienii-PKDeL,471,woman,brown,long,1,0,formal,0,0,0,1,0,0,1,low,none,0,0,1,1,0
209,https://www.coursera.org/learn/politika-sravnitelnaja,4.6,https://www.coursera.org/lecture/politika-sravnitelnaja/1-1-nauka-o-politikie-nM1Lu,749,man,brown,short,1,1,formal,0,0,0,1,1,0,0,high,shaved,0,0,0,0,0
210,https://www.coursera.org/learn/politika-sravnitelnaja,4.6,https://www.coursera.org/lecture/politika-sravnitelnaja/2-1-1-pochiemu-snova-ghosudarstvo-i-kakoie-imienno-JZGRN,647,man,brown,short,1,1,formal,0,0,0,1,1,0,0,high,shaved,0,0,0,0,0
211,https://www.coursera.org/learn/politika-sravnitelnaja,4.6,https://www.coursera.org/lecture/politika-sravnitelnaja/3-1-1-sovriemiennyie-sposoby-raspriedielieniia-vlasti-3mVql,847,man,brown,short,1,1,formal,0,0,0,1,1,0,1,medium,shaved,0,0,0,0,0
212,https://www.coursera.org/learn/hadron-collider-machine-learning,4.5,https://www.coursera.org/lecture/hadron-collider-machine-learning/particle-identification-tY43n,501,man,black,short,0,0,formal,0,0,0,1,1,0,0,medium,shaved,0,0,0,0,0
213,https://www.coursera.org/learn/hadron-collider-machine-learning,4.5,https://www.coursera.org/lecture/hadron-collider-machine-learning/physics-as-a-game-of-theories-Y3edZ,476,man,black,short,0,0,informal,0,0,0,1,1,0,0,medium,beard,0,0,0,0,0
214,https://www.coursera.org/learn/hadron-collider-machine-learning,4.5,https://www.coursera.org/lecture/hadron-collider-machine-learning/dark-matter-oCccr,402,man,black,short,0,0,informal,0,0,0,1,1,0,0,high,beard,0,0,0,0,0
215,https://www.coursera.org/learn/algoritmizacija-vychislenij,4.6,https://www.coursera.org/lecture/algoritmizacija-vychislenij/prostaia-posliedovatiel-nost-dieistvii-uslovnaia-konstruktsiia-vybor-Re6Oj,538,woman,red,long,1,0,informal,0,0,0,1,0,0,1,medium,none,0,0,0,1,0
216,https://www.coursera.org/learn/algoritmizacija-vychislenij,4.6,https://www.coursera.org/lecture/algoritmizacija-vychislenij/tsikl-ot-do-so-schietchikom-modielirovaniie-tsikla-s-shaghom-otlichnym-ot-1-i-1-UWXbY,284,woman,red,long,1,0,informal,0,0,0,1,0,0,1,medium,none,0,0,0,1,0
217,https://www.coursera.org/learn/algoritmizacija-vychislenij,4.6,https://www.coursera.org/lecture/algoritmizacija-vychislenij/vychislieniie-summy-eliemientov-massiva-raspolozhiennykh-miezhdu-piervym-i-WPJOw,1021,woman,red,long,1,0,informal,0,0,0,1,0,0,1,medium,none,1,0,0,0,0
218,https://www.coursera.org/learn/psikhologiya-mejgruppovykh-otnoshenii,4.9,https://www.coursera.org/lecture/psikhologiya-mejgruppovykh-otnoshenii/liektsiia-1-kEexY,639,woman,brown,short,0,0,formal,0,0,0,1,0,0,0,high,none,0,0,0,0,0
219,https://www.coursera.org/learn/psikhologiya-mejgruppovykh-otnoshenii,4.9,https://www.coursera.org/lecture/psikhologiya-mejgruppovykh-otnoshenii/liektsiia-1-5l4Np,730,woman,brown,short,0,0,formal,0,0,0,1,0,0,0,high,none,0,0,0,0,0
220,https://www.coursera.org/learn/psikhologiya-mejgruppovykh-otnoshenii,4.9,https://www.coursera.org/lecture/psikhologiya-mejgruppovykh-otnoshenii/liektsiia-1-e7IMx,697,woman,brown,short,0,0,formal,0,0,0,1,1,0,0,medium,none,0,0,0,0,0
221,https://www.coursera.org/learn/organizational-practices-and-instruments,None,https://www.coursera.org/lecture/organizational-practices-and-instruments/priedstavlieniie-tiemy-niedieli-BS4iw,535,man,grey,short,1,0,formal,0,0,0,0,0,0,0,high,shaved,0,1,0,0,0
222,https://www.coursera.org/learn/organizational-practices-and-instruments,None,https://www.coursera.org/lecture/organizational-practices-and-instruments/vviedieniie-v-tiemu-niedieli-xACrl,586,man,grey,short,0,0,formal,0,0,0,0,1,0,0,high,shaved,0,1,0,0,0
223,https://www.coursera.org/learn/organizational-practices-and-instruments,None,https://www.coursera.org/lecture/organizational-practices-and-instruments/vviedieniie-v-tiemu-niedieli-vOCwj,371,man,grey,short,0,0,formal,0,0,0,0,1,0,0,high,shaved,0,1,0,0,0
224,https://www.coursera.org/learn/osnovy-filosofii,4.8,https://www.coursera.org/lecture/osnovy-filosofii/2-1-znaniie-i-mnieniie-0PVhJ,882,man,black,hairless,0,0,formal,0,0,0,1,0,0,0,high,shaved,0,1,0,0,0
225,https://www.coursera.org/learn/osnovy-filosofii,4.8,https://www.coursera.org/lecture/osnovy-filosofii/3-1-nauka-v-sistiemie-kul-tury-K3fYK,911,man,black,hairless,0,0,formal,0,0,0,1,0,0,0,high,shaved,0,1,0,0,0
226,https://www.coursera.org/learn/osnovy-filosofii,4.8,https://www.coursera.org/lecture/osnovy-filosofii/4-1-1vviedieniie-tbEbk,441,man,black,short,0,0,informal,0,0,0,1,1,0,0,medium,shaved,0,0,0,0,0
227,https://www.coursera.org/learn/struktura-kapitala-kompanii,4.8,https://www.coursera.org/lecture/struktura-kapitala-kompanii/1-1-klassifikatsiia-istochnikov-finansirovaniia-kratkosrochnyie-istochniki-1VjGh,660,woman,black,long,0,0,formal,0,0,0,1,1,0,0,low,none,0,0,1,0,0
228,https://www.coursera.org/learn/struktura-kapitala-kompanii,4.8,https://www.coursera.org/lecture/struktura-kapitala-kompanii/2-1-poniatiie-sriednievzvieshiennykh-zatrat-na-kapital-hkoyA,353,woman,black,long,0,0,formal,0,0,0,1,1,0,0,low,none,0,0,1,0,0
229,https://www.coursera.org/learn/struktura-kapitala-kompanii,4.8,https://www.coursera.org/lecture/struktura-kapitala-kompanii/3-1-priamoi-mietod-opriedielieniia-zatrat-na-zaiemnyi-kapital-7Vcbe,628,woman,black,long,0,0,formal,0,0,0,1,1,0,0,low,none,1,0,1,0,0
230,https://www.coursera.org/learn/upravlenie-stoimostju-kompanii,4.6,https://www.coursera.org/lecture/upravlenie-stoimostju-kompanii/liektsiia-2-1-stadii-zhizniennogho-tsikla-orghanizatsii-PeGYt,673,woman,blonde,short,1,0,formal,0,0,0,1,1,0,0,low,none,1,0,1,1,0
231,https://www.coursera.org/learn/upravlenie-stoimostju-kompanii,4.6,https://www.coursera.org/lecture/upravlenie-stoimostju-kompanii/liektsiia-3-1-korporativnoie-upravlieniie-i-modiel-zhtso-ch-1-0g6FC,798,woman,blonde,short,1,0,formal,0,0,0,1,1,0,0,low,none,1,0,1,1,0
232,https://www.coursera.org/learn/upravlenie-stoimostju-kompanii,4.6,https://www.coursera.org/lecture/upravlenie-stoimostju-kompanii/liektsiia-4-1-finansovyi-dizain-kompanii-NY2w3,868,woman,blonde,short,1,0,formal,0,0,0,1,1,0,0,low,none,1,0,1,1,0
233,https://www.coursera.org/learn/capstone-project,4.5,https://www.coursera.org/lecture/capstone-project/opriedielieniie-pozitsionirovaniia-kompanii-t0qqp,142,woman,brown,long,0,0,formal,0,0,0,1,1,0,0,low,none,0,0,1,0,0
234,https://www.coursera.org/learn/capstone-project,4.5,https://www.coursera.org/lecture/capstone-project/opisaniie-tsielievoi-auditorii-i-sozdaniie-tsiennostnogho-priedlozhieniia-14bZI,228,woman,brown,long,0,0,formal,0,0,0,1,1,0,0,medium,none,0,0,1,0,0
235,https://www.coursera.org/learn/capstone-project,4.5,https://www.coursera.org/lecture/capstone-project/dierievo-tsieliei-voronki-prodazh-i-loial-nosti-eD8tc,221,woman,brown,long,0,0,formal,0,0,0,1,1,0,0,medium,none,0,0,1,0,0
236,https://www.coursera.org/learn/venchurnyj-kapital,4.5,https://www.coursera.org/lecture/venchurnyj-kapital/tsieli-i-zadachi-sovriemiennogho-bizniesa-K77v7,719,man,grey,short,1,1,formal,0,0,0,1,0,1,0,low,shaved,0,0,0,0,0
237,https://www.coursera.org/learn/venchurnyj-kapital,4.5,https://www.coursera.org/lecture/venchurnyj-kapital/fondy-upravlieniia-aktivami-kak-istochnik-dlia-vienchurnykh-fondov-i-fondov-kfLrU,919,man,grey,short,1,1,formal,1,0,0,1,0,1,0,low,shaved,0,0,0,0,0
238,https://www.coursera.org/learn/venchurnyj-kapital,4.5,https://www.coursera.org/lecture/venchurnyj-kapital/osnovnyie-etapy-vzaimodieistviia-fonda-i-kompanii-formirovaniie-paiplain-zaiavki-h605S,1141,man,grey,short,1,1,formal,1,0,0,1,0,1,0,low,shaved,0,0,0,0,0
239,https://www.coursera.org/learn/learnhow,4.8,https://www.coursera.org/lecture/learnhow/my-obozhaiem-mietafory-HNNAN,201,woman,brown,long,0,0,formal,0,0,0,0,0,0,0,high,none,0,0,1,1,0
240,https://www.coursera.org/learn/learnhow,4.8,https://www.coursera.org/lecture/learnhow/pochiemu-mozghovyie-tsiepochki-eto-vazhno-13xpW,470,woman,brown,long,0,0,formal,0,0,0,0,0,0,0,high,none,0,0,1,1,0
241,https://www.coursera.org/learn/istoriya-ekonomicheskoy-mysli,4.7,https://www.coursera.org/lecture/istoriya-ekonomicheskoy-mysli/liektsiia-3-1-fienomien-karla-marksa-75nXm,1000,man,black,short,0,1,formal,0,0,0,1,1,0,0,low,shaved,0,0,0,0,0
242,https://www.coursera.org/learn/istoriya-ekonomicheskoy-mysli,4.7,https://www.coursera.org/lecture/istoriya-ekonomicheskoy-mysli/liektsiia-4-1-dien-ghi-u-mierkantilistov-i-klassikov-qxCyp,670,man,black,short,0,1,formal,0,0,0,1,1,0,0,low,shaved,0,0,0,0,0
243,https://www.coursera.org/learn/istoriya-ekonomicheskoy-mysli,4.7,https://www.coursera.org/lecture/istoriya-ekonomicheskoy-mysli/liektsiia-8-1-kieinsianskaia-rievoliutsiia-i-ieie-chierty-mCIPP,705,woman,black,short,0,0,formal,0,0,0,1,1,0,0,low,none,0,0,1,1,0
244,https://www.coursera.org/learn/istoriya-ekonomicheskoy-mysli,4.7,https://www.coursera.org/lecture/istoriya-ekonomicheskoy-mysli/liektsiia-3-1-fienomien-karla-marksa-75nXm,1000,man,black,short,0,1,formal,0,0,0,1,1,0,0,low,shaved,0,0,0,0,0
245,https://www.coursera.org/learn/filosofiya-kultury,4.7,https://www.coursera.org/lecture/filosofiya-kultury/2-1-kul-turfilosofiia-dantie-s9VqJ,985,man,grey,short,1,0,formal,0,0,0,1,1,0,0,low,beard,0,1,0,0,0
246,https://www.coursera.org/learn/filosofiya-kultury,4.7,https://www.coursera.org/lecture/filosofiya-kultury/3-1-rietrospiektsiia-ustoi-novogho-vriemieni-i-priedposylki-filosofii-kul-tury-n2M8k,1026,man,grey,short,1,0,formal,0,0,1,0,1,0,0,low,beard,0,1,0,0,0
247,https://www.coursera.org/learn/filosofiya-kultury,4.7,https://www.coursera.org/lecture/filosofiya-kultury/5-1-xix-viek-smiena-paradighmy-JaMIo,970,man,grey,short,1,0,formal,0,0,0,1,1,0,0,low,beard,0,1,0,0,0
248,https://www.coursera.org/learn/enumerative-combinatorics,4.6,https://www.coursera.org/lecture/enumerative-combinatorics/words-26Bkh,542,man,black,short,0,0,informal,1,0,0,1,0,0,0,low,beard,0,1,0,0,0
249,https://www.coursera.org/learn/enumerative-combinatorics,4.6,https://www.coursera.org/lecture/enumerative-combinatorics/fibonaccis-rabbit-problem-DUAij,576,man,black,short,0,0,informal,1,0,0,1,0,0,0,low,beard,0,1,0,0,0
250,https://www.coursera.org/learn/enumerative-combinatorics,4.6,https://www.coursera.org/lecture/enumerative-combinatorics/triangulations-of-a-polygon-xUnGw,576,man,black,short,0,0,informal,1,0,0,1,0,0,0,low,beard,0,1,0,0,0
251,https://www.coursera.org/learn/findjob,4.7,https://www.coursera.org/lecture/findjob/znakomstvo-s-kompaniiei-althaus-group-LdMNl,315,woman,black,short,0,0,formal,0,0,1,1,1,0,0,low,none,0,0,1,0,0
252,https://www.coursera.org/learn/economics-transition-emerging-markets,4.3,https://www.coursera.org/lecture/economics-transition-emerging-markets/political-economy-of-transition-and-controversies-over-transition-strategy-4HNDq,742,man,grey,hairless,1,1,formal,0,1,0,1,0,0,0,low,beard,1,0,0,0,0
253,https://www.coursera.org/learn/economics-transition-emerging-markets,4.3,https://www.coursera.org/lecture/economics-transition-emerging-markets/transition-countries-and-the-eu-kcFnY,937,man,grey,hairless,1,1,formal,0,1,0,1,0,0,0,low,beard,1,0,0,0,0
254,https://www.coursera.org/learn/economics-transition-emerging-markets,4.3,https://www.coursera.org/lecture/economics-transition-emerging-markets/background-of-arab-transition-tn5BY,771,man,grey,hairless,1,1,formal,0,1,0,0,1,0,0,low,beard,1,0,0,0,0
255,https://www.coursera.org/learn/sankt-peterburg-petr,4.9,https://www.coursera.org/lecture/sankt-peterburg-petr/iunyi-ghrad-osnovaniie-sankt-pietierburgha-i-iegho-idieia-epizod-1-l3COd,661,man,grey,short,1,0,formal,0,0,0,1,0,0,1,high,beard,0,1,0,0,0
256,https://www.coursera.org/learn/sankt-peterburg-petr,4.9,https://www.coursera.org/lecture/sankt-peterburg-petr/ielizavietinskii-sankt-pietierburgh-epizod-1-j4ZBr,535,man,grey,short,1,0,formal,0,0,0,1,1,0,0,low,beard,0,1,0,0,0
257,https://www.coursera.org/learn/sankt-peterburg-petr,4.9,https://www.coursera.org/lecture/sankt-peterburg-petr/sankt-pietierburgh-vriemien-iekatieriny-ii-epizod-1-IrM9p,616,man,grey,short,1,0,formal,0,0,0,1,0,0,0,medium,beard,0,1,0,0,0
258,https://www.coursera.org/learn/management-informacionnoi-bezopasnosti,4.8,https://www.coursera.org/lecture/management-informacionnoi-bezopasnosti/poniatiie-ughrozy-biezopasnosti-informatsii-f56CG,483,man,brown,short,1,1,formal,0,0,0,1,1,0,0,low,shaved,0,0,0,0,0
259,https://www.coursera.org/learn/management-informacionnoi-bezopasnosti,4.8,https://www.coursera.org/lecture/management-informacionnoi-bezopasnosti/naznachieniie-modieli-ughroz-ib-5NBl7,595,man,brown,short,1,1,formal,0,0,0,1,1,0,0,low,shaved,0,0,0,0,0
260,https://www.coursera.org/learn/management-informacionnoi-bezopasnosti,4.8,https://www.coursera.org/lecture/management-informacionnoi-bezopasnosti/poniatiie-politiki-biezopasnosti-LjyqS,183,man,brown,short,1,1,formal,0,0,0,1,1,0,0,low,shaved,0,0,0,0,0
261,https://www.coursera.org/learn/otraslevye-rynki,4.6,https://www.coursera.org/lecture/otraslevye-rynki/2-1-priedvaritiel-nyie-triebovaniia-k-tiemie-iY6EO,138,woman,brown,short,0,0,formal,0,0,0,1,0,0,1,low,none,0,1,1,0,0
262,https://www.coursera.org/learn/otraslevye-rynki,4.6,https://www.coursera.org/lecture/otraslevye-rynki/3-1-priedvaritiel-nyie-triebovaniia-k-tiemie-ip3nv,132,woman,brown,short,0,0,formal,0,0,0,1,0,0,0,high,none,0,1,1,0,0
263,https://www.coursera.org/learn/otraslevye-rynki,4.6,https://www.coursera.org/lecture/otraslevye-rynki/4-1-priedvaritiel-nyie-triebovaniia-k-tiemie-AtRNQ,163,woman,brown,short,0,0,formal,0,0,0,1,0,0,0,medium,none,0,1,1,0,0
264,https://www.coursera.org/learn/multiple-hypotheses-testing,None,https://www.coursera.org/lecture/multiple-hypotheses-testing/vviedieniie-v-tieoriiu-postroieniia-protsiedur-mnozhiestviennoi-provierki-JbhSY,313,man,black,short,0,0,formal,0,0,0,1,0,0,0,medium,shaved,0,1,0,0,0
265,https://www.coursera.org/learn/multiple-hypotheses-testing,None,https://www.coursera.org/lecture/multiple-hypotheses-testing/mietod-obiedinieniia-pieriesiechieniia-iierarkhichieskoie-siemieistvo-rqA4h,466,man,black,short,0,0,formal,0,0,0,1,0,0,0,medium,shaved,0,1,0,0,0
266,https://www.coursera.org/learn/multiple-hypotheses-testing,None,https://www.coursera.org/lecture/multiple-hypotheses-testing/printsip-zamykaniia-postroieniia-protsiedur-mnozhiestviennoi-provierki-ghipotiez-MeJhv,873,man,black,short,0,0,formal,0,0,0,1,0,0,1,medium,shaved,0,1,0,0,0
267,https://www.coursera.org/learn/modular-forms-jacobi,4.8,https://www.coursera.org/lecture/modular-forms-jacobi/motivations-AhShw,736,man,grey,short,1,0,formal,0,0,0,1,0,0,0,low,shaved,0,0,0,0,0
268,https://www.coursera.org/learn/modular-forms-jacobi,4.8,https://www.coursera.org/lecture/modular-forms-jacobi/the-weil-representation-dQTEu,718,man,grey,short,1,0,formal,0,0,0,1,0,0,0,low,shaved,0,0,0,0,0
269,https://www.coursera.org/learn/modular-forms-jacobi,4.8,https://www.coursera.org/lecture/modular-forms-jacobi/definition-of-jacobi-forms-OK736,782,man,grey,short,1,0,formal,0,0,0,1,0,0,0,low,shaved,0,0,0,0,0
270,https://www.coursera.org/learn/financial-instruments-capstone,4.5,https://www.coursera.org/lecture/financial-instruments-capstone/o-chiem-zadaniie-no2-U2YjM,768,woman,blonde,long,0,0,formal,0,0,0,1,1,0,0,low,none,1,0,1,1,0
271,https://www.coursera.org/learn/financial-instruments-capstone,4.5,https://www.coursera.org/lecture/financial-instruments-capstone/o-chiem-zadaniie-no3-mqHkX,505,woman,blonde,long,0,0,formal,0,0,0,1,1,0,0,low,none,1,0,1,1,0
272,https://www.coursera.org/learn/financial-instruments-capstone,4.5,https://www.coursera.org/lecture/financial-instruments-capstone/znakomstvo-s-fiedorom-t9Dw6,200,man,brown,short,0,1,formal,0,0,0,1,1,0,0,low,shaved,1,0,0,0,0
273,https://www.coursera.org/learn/sozdanie-stoimosti-kompanii,None,https://www.coursera.org/lecture/sozdanie-stoimosti-kompanii/zadaniie-2-tRjrQ,855,woman,blonde,short,1,0,formal,0,0,0,1,1,0,0,low,none,1,0,0,1,0
274,https://www.coursera.org/learn/sozdanie-stoimosti-kompanii,None,https://www.coursera.org/lecture/sozdanie-stoimosti-kompanii/zadaniie-3-20DED,749,woman,blonde,short,1,0,formal,0,0,0,1,1,0,0,low,none,1,0,0,1,0
275,https://www.coursera.org/learn/sozdanie-stoimosti-kompanii,None,https://www.coursera.org/lecture/sozdanie-stoimosti-kompanii/zadaniie-4-YaVQj,342,man,black,short,1,1,formal,0,0,0,1,1,0,0,low,shaved,0,0,0,0,0
